timestamp,battery_percent,pid,app_name,cpu_percent,memory_percent,cpu_time,num_threads
2024-07-06T23:41:34.036391,29,1403,distnoted,0.0,0.055694580078125,"pcputimes(user=123.921743872, system=24.762810368, children_user=0.0, children_system=0.0)",4
2024-07-06T23:41:34.036391,29,1459,cfprefsd,0.0,0.058746337890625,"pcputimes(user=72.520237056, system=55.771107328, children_user=0.0, children_system=0.0)",3
2024-07-06T23:41:34.036391,29,1466,mdbulkimport,0.0,0.089263916015625,"pcputimes(user=47.824388096, system=29.83990272, children_user=0.0, children_system=0.0)",2
2024-07-06T23:41:34.036391,29,1487,secd,0.0,0.13179779052734375,"pcputimes(user=78.539767808, system=22.746937344, children_user=0.0, children_system=0.0)",2
2024-07-06T23:41:34.036391,29,1489,loginwindow,0.0,0.0591278076171875,"pcputimes(user=74.183450624, system=35.625672704, children_user=0.0, children_system=0.0)",5
2024-07-06T23:41:34.036391,29,1521,lsd,0.0,0.11348724365234375,"pcputimes(user=47.897473024, system=29.59294464, children_user=0.0, children_system=0.0)",3
2024-07-06T23:41:34.036391,29,1529,trustd,0.0,0.14972686767578125,"pcputimes(user=177.27766528, system=21.74538752, children_user=0.0, children_system=0.0)",5
2024-07-06T23:41:34.036391,29,1856,containermanagerd,0.0,0.03795623779296875,"pcputimes(user=18.61513216, system=14.576975872, children_user=0.0, children_system=0.0)",2
2024-07-06T23:41:34.036391,29,1895,UserEventAgent,0.0,0.0614166259765625,"pcputimes(user=39.923634176, system=11.097658368, children_user=0.0, children_system=0.0)",2
2024-07-06T23:41:34.036391,29,1901,universalaccessd,0.0,0.09212493896484375,"pcputimes(user=64.513646592, system=23.16855296, children_user=0.0, children_system=0.0)",5
2024-07-06T23:41:34.036391,29,1903,WindowManager,0.0,0.247955322265625,"pcputimes(user=212.668628992, system=39.55652608, children_user=0.0, children_system=0.0)",5
2024-07-06T23:41:34.036391,29,1907,pboard,0.0,0.08792877197265625,"pcputimes(user=0.85848096, system=1.274829568, children_user=0.0, children_system=0.0)",4
2024-07-06T23:41:34.036391,29,1911,nsurlsessiond,0.0,0.09975433349609375,"pcputimes(user=67.45131008, system=33.9549184, children_user=0.0, children_system=0.0)",6
2024-07-06T23:41:34.036391,29,1912,usernoted,0.0,0.072479248046875,"pcputimes(user=16.22623232, system=8.405599232, children_user=0.0, children_system=0.0)",2
2024-07-06T23:41:34.036391,29,1915,rapportd,0.0,0.08335113525390625,"pcputimes(user=41.686859776, system=14.54193152, children_user=0.0, children_system=0.0)",2
2024-07-06T23:41:34.036391,29,1916,usernotificationsd,0.0,0.0514984130859375,"pcputimes(user=11.38378752, system=3.520140288, children_user=0.0, children_system=0.0)",2
2024-07-06T23:41:34.036391,29,1922,lockoutagent,0.0,0.04634857177734375,"pcputimes(user=12.437261312, system=15.504211968, children_user=0.0, children_system=0.0)",4
2024-07-06T23:41:34.036391,29,1935,identityservicesd,0.0,0.167083740234375,"pcputimes(user=40.87904256, system=29.409099776, children_user=0.0, children_system=0.0)",8
2024-07-06T23:41:34.036391,29,1936,accountsd,0.0,0.18711090087890625,"pcputimes(user=84.909064192, system=21.500205056, children_user=0.0, children_system=0.0)",6
2024-07-06T23:41:34.036391,29,1937,NotificationCenter,0.0,0.229644775390625,"pcputimes(user=497.191452672, system=132.386332672, children_user=0.0, children_system=0.0)",8
2024-07-06T23:41:34.036391,29,1940,WiFiAgent,0.0,0.13408660888671875,"pcputimes(user=267.135254528, system=39.197253632, children_user=0.0, children_system=0.0)",4
2024-07-06T23:41:34.036391,29,1946,sharingd,0.0,0.1842498779296875,"pcputimes(user=118.435151872, system=46.95508992, children_user=0.0, children_system=0.0)",5
2024-07-06T23:41:34.036391,29,1951,chronod,0.0,0.17147064208984375,"pcputimes(user=61.184356352, system=34.106630144, children_user=0.0, children_system=0.0)",7
2024-07-06T23:41:34.036391,29,1959,familycircled,0.0,0.10089874267578125,"pcputimes(user=7.579410944, system=5.352507392, children_user=0.0, children_system=0.0)",3
2024-07-06T23:41:34.036391,29,1960,StatusKitAgent,0.0,0.05283355712890625,"pcputimes(user=4.899767296, system=2.911019008, children_user=0.0, children_system=0.0)",2
2024-07-06T23:41:34.036391,29,1963,ContinuityCaptureAgent,0.0,0.07457733154296875,"pcputimes(user=17.771331584, system=11.296548864, children_user=0.0, children_system=0.0)",6
2024-07-06T23:41:34.036391,29,1964,imagent,0.0,0.0774383544921875,"pcputimes(user=25.5159296, system=10.341343232, children_user=0.0, children_system=0.0)",2
2024-07-06T23:41:34.036391,29,1968,sharedfilelistd,0.0,0.05245208740234375,"pcputimes(user=2.5554688, system=2.095713536, children_user=0.0, children_system=0.0)",2
2024-07-06T23:41:34.036391,29,1973,corespotlightd,0.0,0.1392364501953125,"pcputimes(user=101.180776448, system=34.758754304, children_user=0.0, children_system=0.0)",4
2024-07-06T23:41:34.036391,29,1977,mediaremoteagent,0.0,0.02498626708984375,"pcputimes(user=1.671982464, system=0.724309696, children_user=0.0, children_system=0.0)",2
2024-07-06T23:41:34.036391,29,1979,useractivityd,0.0,0.079345703125,"pcputimes(user=16.182774784, system=7.971013632, children_user=0.0, children_system=0.0)",4
2024-07-06T23:41:34.036391,29,1981,avconferenced,0.0,0.0885009765625,"pcputimes(user=198.254903296, system=16.340958208, children_user=0.0, children_system=0.0)",8
2024-07-06T23:41:34.036391,29,2008,ViewBridgeAuxiliary,0.0,0.09288787841796875,"pcputimes(user=11.5894016, system=8.622629888, children_user=0.0, children_system=0.0)",3
2024-07-06T23:41:34.036391,29,2011,UIKitSystem,0.0,0.11959075927734375,"pcputimes(user=22.0841472, system=12.840776704, children_user=0.0, children_system=0.0)",4
2024-07-06T23:41:34.036391,29,2012,fontd,0.0,0.0720977783203125,"pcputimes(user=31.23915776, system=6.003629056, children_user=0.0, children_system=0.0)",2
2024-07-06T23:41:34.036391,29,2014,fontworker,0.0,0.0377655029296875,"pcputimes(user=0.668863104, system=0.763789312, children_user=0.0, children_system=0.0)",2
2024-07-06T23:41:34.036391,29,2028,HomeWidget,0.0,0.0690460205078125,"pcputimes(user=0.105459208, system=0.030633584, children_user=0.0, children_system=0.0)",3
2024-07-06T23:41:34.036391,29,2032,FindMyWidgetIntentsPeople,0.0,0.06732940673828125,"pcputimes(user=0.057613376, system=0.0339655, children_user=0.0, children_system=0.0)",11
2024-07-06T23:41:34.036391,29,2037,HomeEnergyWidgetsExtension,0.0,0.0682830810546875,"pcputimes(user=0.445589472, system=0.046565792, children_user=0.0, children_system=0.0)",3
2024-07-06T23:41:34.036391,29,2044,searchpartyuseragent,0.0,0.0701904296875,"pcputimes(user=29.015683072, system=11.555074048, children_user=0.0, children_system=0.0)",4
2024-07-06T23:41:34.036391,29,2045,seserviced,0.0,0.035858154296875,"pcputimes(user=0.068685168, system=0.150577456, children_user=0.0, children_system=0.0)",2
2024-07-06T23:41:34.036391,29,2056,diagnostics_agent,0.0,0.07762908935546875,"pcputimes(user=2.576499456, system=2.8382784, children_user=0.0, children_system=0.0)",3
2024-07-06T23:41:34.036391,29,2060,corespeechd,0.0,0.060272216796875,"pcputimes(user=280.586518528, system=107.375747072, children_user=0.0, children_system=0.0)",5
2024-07-06T23:41:34.036391,29,2078,ControlCenter,0.0,0.34236907958984375,"pcputimes(user=600.440045568, system=137.287245824, children_user=0.0, children_system=0.0)",9
2024-07-06T23:41:34.036391,29,2079,imklaunchagent,0.0,0.05340576171875,"pcputimes(user=2.393893632, system=0.608680768, children_user=0.0, children_system=0.0)",2
2024-07-06T23:41:34.036391,29,2090,PAH_Extension,0.0,0.09441375732421875,"pcputimes(user=5.281374208, system=4.2220608, children_user=0.0, children_system=0.0)",5
2024-07-06T23:41:34.036391,29,2104,storedownloadd,0.0,0.035858154296875,"pcputimes(user=0.077080336, system=0.116755584, children_user=0.0, children_system=0.0)",2
2024-07-06T23:41:34.036391,29,2107,WallpaperAgent,0.0,0.087738037109375,"pcputimes(user=47.599177728, system=8.550670336, children_user=0.0, children_system=0.0)",3
2024-07-06T23:41:34.036391,29,2124,ShortcutsWidgetExtension,0.0,0.06008148193359375,"pcputimes(user=0.067116704, system=0.02187504, children_user=0.0, children_system=0.0)",6
2024-07-06T23:41:34.036391,29,2147,WallpaperImageExtension,0.0,0.04673004150390625,"pcputimes(user=1.620756608, system=0.557135488, children_user=0.0, children_system=0.0)",2
2024-07-06T23:41:34.036391,29,2153,CursorUIViewService,0.0,0.28076171875,"pcputimes(user=120.647729152, system=29.42035968, children_user=0.0, children_system=0.0)",5
2024-07-06T23:41:34.036391,29,2161,passd,0.0,0.06465911865234375,"pcputimes(user=2.47259136, system=5.6351232, children_user=0.0, children_system=0.0)",2
2024-07-06T23:41:34.036391,29,2403,Brave Browser,0.0,1.45416259765625,"pcputimes(user=2481.71986944, system=631.197138944, children_user=0.0, children_system=0.0)",47
2024-07-06T23:41:34.036391,29,2406,Safari,0.0,1.2117385864257812,"pcputimes(user=670.444879872, system=284.490760192, children_user=0.0, children_system=0.0)",17
2024-07-06T23:41:34.036391,29,2407,Dock,0.0,0.2017974853515625,"pcputimes(user=59.648, system=38.724902912, children_user=0.0, children_system=0.0)",5
2024-07-06T23:41:34.036391,29,2408,SystemUIServer,0.0,0.0640869140625,"pcputimes(user=1.916324992, system=2.44133376, children_user=0.0, children_system=0.0)",3
2024-07-06T23:41:34.036391,29,2409,Finder,0.0,0.27561187744140625,"pcputimes(user=349.115121664, system=147.657834496, children_user=0.0, children_system=0.0)",5
2024-07-06T23:41:34.036391,29,2412,Spotlight,0.0,0.2826690673828125,"pcputimes(user=114.475835392, system=38.122520576, children_user=0.0, children_system=0.0)",6
2024-07-06T23:41:34.036391,29,2415,AMPDeviceDiscoveryAgent,0.0,0.042724609375,"pcputimes(user=0.316155296, system=0.462451456, children_user=0.0, children_system=0.0)",4
2024-07-06T23:41:34.036391,29,2429,commerce,0.0,0.05588531494140625,"pcputimes(user=2.53899904, system=1.758066816, children_user=0.0, children_system=0.0)",2
2024-07-06T23:41:34.036391,29,2437,com.apple.dock.extra,0.0,0.0858306884765625,"pcputimes(user=41.144328192, system=7.226551808, children_user=0.0, children_system=0.0)",3
2024-07-06T23:41:34.036391,29,2442,chrome_crashpad_handler,0.0,0.01010894775390625,"pcputimes(user=0.036977376, system=0.292695168, children_user=0.0, children_system=0.0)",4
2024-07-06T23:41:34.036391,29,2455,com.apple.Safari.History,0.0,0.08678436279296875,"pcputimes(user=2.060113408, system=2.555213312, children_user=0.0, children_system=0.0)",3
2024-07-06T23:41:34.036391,29,2458,com.apple.WebKit.WebContent,0.0,0.0579833984375,"pcputimes(user=16.092063744, system=8.817314816, children_user=0.0, children_system=0.0)",3
2024-07-06T23:41:34.036391,29,2469,Brave Browser Helper (GPU),0.0,0.5247116088867188,"pcputimes(user=3786.973904896, system=1443.890987008, children_user=0.0, children_system=0.0)",16
2024-07-06T23:41:34.036391,29,2483,Brave Browser Helper,0.0,0.595855712890625,"pcputimes(user=764.65504256, system=479.447023616, children_user=0.0, children_system=0.0)",16
2024-07-06T23:41:34.036391,29,2485,com.apple.WebKit.Networking,0.0,0.3711700439453125,"pcputimes(user=516.08223744, system=375.454466048, children_user=0.0, children_system=0.0)",11
2024-07-06T23:41:34.036391,29,2491,com.apple.WebKit.GPU,0.0,0.6555557250976562,"pcputimes(user=4183.371546624, system=1145.634684928, children_user=0.0, children_system=0.0)",26
2024-07-06T23:41:34.036391,29,2501,Brave Browser Helper,0.0,0.1247406005859375,"pcputimes(user=28.32280576, system=9.935803392, children_user=0.0, children_system=0.0)",11
2024-07-06T23:41:34.036391,29,2509,Brave Browser Helper,0.0,0.09365081787109375,"pcputimes(user=17.765056512, system=6.84165888, children_user=0.0, children_system=0.0)",9
2024-07-06T23:41:34.036391,29,2516,icdd,0.0,0.03643035888671875,"pcputimes(user=0.234517712, system=0.232338624, children_user=0.0, children_system=0.0)",2
2024-07-06T23:41:34.036391,29,2520,AirPlayUIAgent,0.0,0.07305145263671875,"pcputimes(user=1.26751936, system=1.774328832, children_user=0.0, children_system=0.0)",3
2024-07-06T23:41:34.036391,29,2522,TextInputMenuAgent,0.0,0.14247894287109375,"pcputimes(user=19.328413696, system=12.02954752, children_user=0.0, children_system=0.0)",5
2024-07-06T23:41:34.036391,29,2524,ctkahp,0.0,0.034332275390625,"pcputimes(user=0.17494304, system=0.32634176, children_user=0.0, children_system=0.0)",2
2024-07-06T23:41:34.036391,29,2527,Brave Browser Helper (Renderer),0.0,0.12340545654296875,"pcputimes(user=4.5435776, system=3.165821184, children_user=0.0, children_system=0.0)",18
2024-07-06T23:41:34.036391,29,2574,Brave Browser Helper,0.0,0.12416839599609375,"pcputimes(user=699.53716224, system=275.685474304, children_user=0.0, children_system=0.0)",13
2024-07-06T23:41:34.036391,29,2575,Brave Browser Helper (Plugin),0.0,0.21114349365234375,"pcputimes(user=1802.431102976, system=767.014469632, children_user=0.0, children_system=0.0)",13
2024-07-06T23:41:34.036391,29,4247,storeaccountd,0.0,0.043487548828125,"pcputimes(user=0.171927376, system=0.094834752, children_user=0.0, children_system=0.0)",2
2024-07-06T23:41:34.036391,29,4381,IMAutomaticHistoryDeletionAgent,0.0,0.046539306640625,"pcputimes(user=0.06140754, system=0.144102752, children_user=0.0, children_system=0.0)",2
2024-07-06T23:41:34.036391,29,4694,DiskUnmountWatcher,0.0,0.02956390380859375,"pcputimes(user=0.016475625, system=0.038296124, children_user=0.0, children_system=0.0)",2
2024-07-06T23:41:34.036391,29,4969,mdwrite,0.0,0.0347137451171875,"pcputimes(user=89.428803584, system=0.399791008, children_user=0.0, children_system=0.0)",2
2024-07-06T23:41:34.036391,29,6338,storeuid,0.0,0.08487701416015625,"pcputimes(user=1.137058304, system=1.50937856, children_user=0.0, children_system=0.0)",3
2024-07-06T23:41:34.036391,29,6677,UserNotificationCenter,0.0,0.09632110595703125,"pcputimes(user=2.95271552, system=3.5088064, children_user=0.0, children_system=0.0)",3
2024-07-06T23:41:34.036391,29,6682,MobileDeviceUpdater,0.0,0.0850677490234375,"pcputimes(user=1.256607872, system=1.781208704, children_user=0.0, children_system=0.0)",5
2024-07-06T23:41:34.036391,29,6684,USBAgent,0.0,0.03070831298828125,"pcputimes(user=0.04001754, system=0.017028832, children_user=0.0, children_system=0.0)",2
2024-07-06T23:41:34.036391,29,7329,cloudd,0.0,0.1338958740234375,"pcputimes(user=129.24194816, system=45.888622592, children_user=0.0, children_system=0.0)",4
2024-07-06T23:41:34.036391,29,7787,PowerChime,0.0,0.09441375732421875,"pcputimes(user=3.224476416, system=4.867562496, children_user=0.0, children_system=0.0)",6
2024-07-06T23:41:34.036391,29,8884,ControlCenterHelper,0.0,0.093841552734375,"pcputimes(user=2.56183168, system=3.707561472, children_user=0.0, children_system=0.0)",3
2024-07-06T23:41:34.036391,29,8886,com.apple.SafariPlatformSupport.Helper,0.0,0.09822845458984375,"pcputimes(user=4.311686656, system=4.004366592, children_user=0.0, children_system=0.0)",3
2024-07-06T23:41:34.036391,29,10031,ShareSheetUI,0.0,0.09326934814453125,"pcputimes(user=5.553806848, system=4.607102976, children_user=0.0, children_system=0.0)",3
2024-07-06T23:41:34.036391,29,10104,com.apple.Safari.SearchHelper,0.0,0.054931640625,"pcputimes(user=0.543767104, system=0.860688512, children_user=0.0, children_system=0.0)",2
2024-07-06T23:41:34.036391,29,10107,com.apple.WebKit.WebContent,0.0,0.860595703125,"pcputimes(user=288.659243008, system=99.151265792, children_user=0.0, children_system=0.0)",13
2024-07-06T23:41:34.036391,29,12163,com.apple.WebKit.WebContent,0.0,0.12264251708984375,"pcputimes(user=83.295330304, system=36.194103296, children_user=0.0, children_system=0.0)",4
2024-07-06T23:41:34.036391,29,22312,WhatsApp,0.0,0.35953521728515625,"pcputimes(user=680.496070656, system=230.211354624, children_user=0.0, children_system=0.0)",21
2024-07-06T23:41:34.036391,29,22643,Web App,0.0,0.42972564697265625,"pcputimes(user=177.381244928, system=78.028750848, children_user=0.0, children_system=0.0)",13
2024-07-06T23:41:34.036391,29,22646,com.apple.WebKit.Networking,0.0,0.1750946044921875,"pcputimes(user=10.114660352, system=7.95995136, children_user=0.0, children_system=0.0)",7
2024-07-06T23:41:34.036391,29,22649,com.apple.WebKit.GPU,0.0,0.228118896484375,"pcputimes(user=54.480490496, system=33.811564544, children_user=0.0, children_system=0.0)",8
2024-07-06T23:41:34.036391,29,22650,com.apple.WebKit.WebContent,0.0,2.5142669677734375,"pcputimes(user=546.33775104, system=63.495348224, children_user=0.0, children_system=0.0)",9
2024-07-06T23:41:34.036391,29,23917,iStatMenusAgent,0.0,0.06389617919921875,"pcputimes(user=0.661523776, system=1.158347904, children_user=0.0, children_system=0.0)",3
2024-07-06T23:41:34.036391,29,23920,iStat Menus Status,0.0,0.1861572265625,"pcputimes(user=796.056158208, system=354.604351488, children_user=0.0, children_system=0.0)",5
2024-07-06T23:41:34.036391,29,25159,Brave Browser Helper (Renderer),0.0,0.2593994140625,"pcputimes(user=3.946057216, system=3.048630784, children_user=0.0, children_system=0.0)",18
2024-07-06T23:41:34.036391,29,25169,Brave Browser Helper (Renderer),0.0,0.5340576171875,"pcputimes(user=34.974035968, system=14.664165376, children_user=0.0, children_system=0.0)",21
2024-07-06T23:41:34.036391,29,25173,Brave Browser Helper (Renderer),0.0,0.32520294189453125,"pcputimes(user=37.580378112, system=12.709214208, children_user=0.0, children_system=0.0)",20
2024-07-06T23:41:34.036391,29,25175,Brave Browser Helper (Renderer),0.0,0.0766754150390625,"pcputimes(user=1.403676672, system=1.335266816, children_user=0.0, children_system=0.0)",17
2024-07-06T23:41:34.036391,29,25191,Brave Browser Helper (Renderer),0.0,0.45146942138671875,"pcputimes(user=699.206336512, system=129.05730048, children_user=0.0, children_system=0.0)",20
2024-07-06T23:41:34.036391,29,25307,Pinterest,0.0,0.13427734375,"pcputimes(user=46.882381824, system=24.45843456, children_user=0.0, children_system=0.0)",47
2024-07-06T23:41:34.036391,29,25309,appstorecomponentsd,0.0,0.05817413330078125,"pcputimes(user=1.302091648, system=3.16769408, children_user=0.0, children_system=0.0)",4
2024-07-06T23:41:34.036391,29,25310,Pinterest Helper (GPU),0.0,0.06351470947265625,"pcputimes(user=100.448976896, system=45.986316288, children_user=0.0, children_system=0.0)",19
2024-07-06T23:41:34.036391,29,25311,Pinterest Helper,0.0,0.06809234619140625,"pcputimes(user=15.093055488, system=14.214317056, children_user=0.0, children_system=0.0)",14
2024-07-06T23:41:34.036391,29,25312,Pinterest Helper (Renderer),0.0,0.1293182373046875,"pcputimes(user=47.935127552, system=16.57235456, children_user=0.0, children_system=0.0)",17
2024-07-06T23:41:34.036391,29,25313,Pinterest Helper (Renderer),0.0,0.1605987548828125,"pcputimes(user=486.772965376, system=39.18340096, children_user=0.0, children_system=0.0)",20
2024-07-06T23:41:34.036391,29,25329,Pinterest Helper,0.0,0.04100799560546875,"pcputimes(user=0.621145216, system=1.209055744, children_user=0.0, children_system=0.0)",10
2024-07-06T23:41:34.036391,29,25520,Brave Browser Helper (Renderer),0.0,0.118255615234375,"pcputimes(user=5.702806016, system=2.831980544, children_user=0.0, children_system=0.0)",18
2024-07-06T23:41:34.036391,29,25533,Brave Browser Helper (Renderer),0.0,0.18482208251953125,"pcputimes(user=11.34321664, system=4.798560256, children_user=0.0, children_system=0.0)",18
2024-07-06T23:41:34.036391,29,25535,Brave Browser Helper (Renderer),0.0,0.3940582275390625,"pcputimes(user=61.162713088, system=12.202033152, children_user=0.0, children_system=0.0)",20
2024-07-06T23:41:34.036391,29,25540,Brave Browser Helper (Renderer),0.0,0.26721954345703125,"pcputimes(user=13.785741312, system=7.310588416, children_user=0.0, children_system=0.0)",21
2024-07-06T23:41:34.036391,29,25622,photolibraryd,0.0,0.06847381591796875,"pcputimes(user=1.343645312, system=1.492563712, children_user=0.0, children_system=0.0)",2
2024-07-06T23:41:34.036391,29,26167,VTDecoderXPCService,0.0,0.03871917724609375,"pcputimes(user=55.612735488, system=130.877366272, children_user=0.0, children_system=0.0)",3
2024-07-06T23:41:34.036391,29,26277,Brave Browser Helper (Renderer),0.0,0.0858306884765625,"pcputimes(user=1.211763456, system=1.112898176, children_user=0.0, children_system=0.0)",17
2024-07-06T23:41:34.036391,29,26342,Brave Browser Helper (Renderer),0.0,0.26454925537109375,"pcputimes(user=18.680623104, system=8.73103872, children_user=0.0, children_system=0.0)",21
2024-07-06T23:41:34.036391,29,26343,Brave Browser Helper (Renderer),0.0,0.09250640869140625,"pcputimes(user=1.43064896, system=1.226183808, children_user=0.0, children_system=0.0)",18
2024-07-06T23:41:34.036391,29,26344,Brave Browser Helper (Renderer),0.0,0.0804901123046875,"pcputimes(user=1.2230976, system=1.141354752, children_user=0.0, children_system=0.0)",18
2024-07-06T23:41:34.036391,29,26349,Brave Browser Helper (Renderer),0.0,0.5144119262695312,"pcputimes(user=34.695200768, system=12.493824, children_user=0.0, children_system=0.0)",18
2024-07-06T23:41:34.036391,29,26490,Brave Browser Helper (Renderer),0.0,0.30536651611328125,"pcputimes(user=17.135335424, system=6.957901312, children_user=0.0, children_system=0.0)",19
2024-07-06T23:41:34.036391,29,27087,tccd,0.0,0.090789794921875,"pcputimes(user=18.59539968, system=10.438413312, children_user=0.0, children_system=0.0)",3
2024-07-06T23:41:34.036391,29,29119,mbuseragent,0.0,0.035858154296875,"pcputimes(user=0.032473416, system=0.0388115, children_user=0.0, children_system=0.0)",2
2024-07-06T23:41:34.036391,29,29385,bluetoothuserd,0.0,0.0766754150390625,"pcputimes(user=1.168262528, system=1.193647104, children_user=0.0, children_system=0.0)",3
2024-07-06T23:41:34.036391,29,30064,com.apple.WebKit.WebContent,0.0,0.06656646728515625,"pcputimes(user=11.167263744, system=3.914757376, children_user=0.0, children_system=0.0)",3
2024-07-06T23:41:34.036391,29,30945,heard,0.0,0.07266998291015625,"pcputimes(user=1.083870848, system=0.955227392, children_user=0.0, children_system=0.0)",4
2024-07-06T23:41:34.036391,29,31068,ContextStoreAgent,0.0,0.1125335693359375,"pcputimes(user=12.465390592, system=3.164727808, children_user=0.0, children_system=0.0)",7
2024-07-06T23:41:34.036391,29,32741,Google Chrome,0.0,0.41294097900390625,"pcputimes(user=73.455919104, system=26.69495296, children_user=0.0, children_system=0.0)",48
2024-07-06T23:41:34.036391,29,32747,chrome_crashpad_handler,0.0,0.012969970703125,"pcputimes(user=0.005796541, system=0.032461666, children_user=0.0, children_system=0.0)",4
2024-07-06T23:41:34.036391,29,32752,Google Chrome Helper (GPU),0.0,0.1926422119140625,"pcputimes(user=53.821374464, system=26.3686656, children_user=0.0, children_system=0.0)",12
2024-07-06T23:41:34.036391,29,32753,Google Chrome Helper,0.0,0.15411376953125,"pcputimes(user=14.992263168, system=8.053542912, children_user=0.0, children_system=0.0)",15
2024-07-06T23:41:34.036391,29,32756,Google Chrome Helper,0.0,0.06465911865234375,"pcputimes(user=1.0157504, system=0.336154784, children_user=0.0, children_system=0.0)",11
2024-07-06T23:41:34.036391,29,32811,Google Chrome Helper (Renderer),0.0,0.05588531494140625,"pcputimes(user=0.564856512, system=0.533745792, children_user=0.0, children_system=0.0)",18
2024-07-06T23:41:34.036391,29,32812,Google Chrome Helper (Renderer),0.0,0.0606536865234375,"pcputimes(user=0.40150464, system=0.506876992, children_user=0.0, children_system=0.0)",18
2024-07-06T23:41:34.036391,29,32855,Google Chrome Helper (Renderer),0.0,0.05397796630859375,"pcputimes(user=93.490839552, system=16.427267072, children_user=0.0, children_system=0.0)",20
2024-07-06T23:41:34.036391,29,32858,Google Chrome Helper (Renderer),0.0,0.05512237548828125,"pcputimes(user=8.825165824, system=3.21229696, children_user=0.0, children_system=0.0)",19
2024-07-06T23:41:34.036391,29,32865,Google Chrome Helper,0.0,0.080108642578125,"pcputimes(user=1.326130688, system=0.60402432, children_user=0.0, children_system=0.0)",12
2024-07-06T23:41:34.036391,29,33231,Family,0.0,0.11043548583984375,"pcputimes(user=3.128898816, system=1.037851776, children_user=0.0, children_system=0.0)",3
2024-07-06T23:41:34.036391,29,33274,Google Chrome Helper (Renderer),0.0,0.06103515625,"pcputimes(user=2.542567168, system=1.198339712, children_user=0.0, children_system=0.0)",20
2024-07-06T23:41:34.036391,29,33275,Google Chrome Helper (Renderer),0.0,0.05359649658203125,"pcputimes(user=0.248578752, system=0.468272576, children_user=0.0, children_system=0.0)",18
2024-07-06T23:41:34.036391,29,33504,Brave Browser Helper (Renderer),0.0,0.14553070068359375,"pcputimes(user=4.815431168, system=1.481935744, children_user=0.0, children_system=0.0)",18
2024-07-06T23:41:34.036391,29,33774,VTDecoderXPCService,0.0,0.0324249267578125,"pcputimes(user=0.217803792, system=0.267483584, children_user=0.0, children_system=0.0)",4
2024-07-06T23:41:34.036391,29,34068,Brave Browser Helper (Renderer),0.0,0.9103775024414062,"pcputimes(user=344.574754816, system=31.202404352, children_user=0.0, children_system=0.0)",20
2024-07-06T23:41:34.036391,29,34181,Brave Browser Helper (Renderer),0.0,0.5731582641601562,"pcputimes(user=112.976093184, system=17.749948416, children_user=0.0, children_system=0.0)",21
2024-07-06T23:41:34.036391,29,34208,Brave Browser Helper (Renderer),0.0,0.1850128173828125,"pcputimes(user=33.02618112, system=4.640370176, children_user=0.0, children_system=0.0)",19
2024-07-06T23:41:34.036391,29,34288,Brave Browser Helper (Renderer),0.0,0.4779815673828125,"pcputimes(user=15.857155072, system=3.667401472, children_user=0.0, children_system=0.0)",23
2024-07-06T23:41:34.036391,29,34289,Brave Browser Helper (Renderer),0.0,0.2017974853515625,"pcputimes(user=0.414257344, system=0.441663424, children_user=0.0, children_system=0.0)",18
2024-07-06T23:41:34.036391,29,34357,extensionkitservice,0.0,0.083160400390625,"pcputimes(user=0.570721984, system=0.398839136, children_user=0.0, children_system=0.0)",2
2024-07-06T23:41:34.036391,29,34409,akd,0.0,0.128173828125,"pcputimes(user=0.60618592, system=0.586160192, children_user=0.0, children_system=0.0)",5
2024-07-06T23:41:34.036391,29,34446,knowledge-agent,0.0,0.1628875732421875,"pcputimes(user=3.648416768, system=1.193282688, children_user=0.0, children_system=0.0)",5
2024-07-06T23:41:34.036391,29,34726,com.apple.WebKit.WebContent,0.0,1.5529632568359375,"pcputimes(user=595.364151296, system=95.419547648, children_user=0.0, children_system=0.0)",25
2024-07-06T23:41:34.036391,29,34748,Brave Browser Helper (Renderer),0.0,0.9222030639648438,"pcputimes(user=57.857712128, system=8.102870528, children_user=0.0, children_system=0.0)",20
2024-07-06T23:41:34.036391,29,34772,Brave Browser Helper (Renderer),0.0,0.23193359375,"pcputimes(user=9.605813248, system=1.482550144, children_user=0.0, children_system=0.0)",20
2024-07-06T23:41:34.036391,29,34834,syncdefaultsd,0.0,0.1190185546875,"pcputimes(user=0.550332608, system=0.540062848, children_user=0.0, children_system=0.0)",4
2024-07-06T23:41:34.036391,29,34862,ScreenTimeAgent,0.0,0.0720977783203125,"pcputimes(user=0.924650048, system=0.459939456, children_user=0.0, children_system=0.0)",2
2024-07-06T23:41:34.036391,29,34881,com.apple.WebKit.WebContent,0.0,0.11272430419921875,"pcputimes(user=135.760601088, system=10.065465344, children_user=0.0, children_system=0.0)",6
2024-07-06T23:41:34.036391,29,34895,CoreLocationAgent,0.0,0.10051727294921875,"pcputimes(user=0.131780456, system=0.162877216, children_user=0.0, children_system=0.0)",3
2024-07-06T23:41:34.036391,29,34940,Brave Browser Helper (Renderer),0.0,0.8808135986328125,"pcputimes(user=33.119608832, system=7.32928, children_user=0.0, children_system=0.0)",18
2024-07-06T23:41:34.036391,29,34941,Brave Browser Helper (Renderer),0.0,0.5115509033203125,"pcputimes(user=27.4381824, system=5.755456, children_user=0.0, children_system=0.0)",19
2024-07-06T23:41:34.036391,29,34947,Brave Browser Helper (Renderer),0.0,0.34580230712890625,"pcputimes(user=0.85381536, system=0.607968512, children_user=0.0, children_system=0.0)",20
2024-07-06T23:41:34.036391,29,34978,fileproviderd,0.0,0.15659332275390625,"pcputimes(user=1.26003648, system=1.025013632, children_user=0.0, children_system=0.0)",6
2024-07-06T23:41:34.036391,29,34983,secinitd,0.0,0.0823974609375,"pcputimes(user=0.12011704, system=0.086308336, children_user=0.0, children_system=0.0)",2
2024-07-06T23:41:34.036391,29,34993,audioaccessoryd,0.0,0.11920928955078125,"pcputimes(user=0.18030216, system=0.257411744, children_user=0.0, children_system=0.0)",4
2024-07-06T23:41:34.036391,29,34994,neagent,0.0,0.15239715576171875,"pcputimes(user=0.12439696, system=0.0569595, children_user=0.0, children_system=0.0)",2
2024-07-06T23:41:34.036391,29,34997,Siri,0.0,0.1689910888671875,"pcputimes(user=3.595722496, system=1.100343168, children_user=0.0, children_system=0.0)",4
2024-07-06T23:41:34.036391,29,34998,com.apple.hiservices-xpcservice,0.0,0.0614166259765625,"pcputimes(user=0.904169344, system=0.826184512, children_user=0.0, children_system=0.0)",2
2024-07-06T23:41:34.036391,29,34999,SafariBookmarksSyncAgent,0.0,0.12950897216796875,"pcputimes(user=0.259757952, system=0.32126208, children_user=0.0, children_system=0.0)",4
2024-07-06T23:41:34.036391,29,35001,suggestd,0.0,0.1262664794921875,"pcputimes(user=1.70009472, system=0.719108864, children_user=0.0, children_system=0.0)",3
2024-07-06T23:41:34.036391,29,35003,BiomeAgent,0.0,0.1125335693359375,"pcputimes(user=1.14170112, system=1.297921792, children_user=0.0, children_system=0.0)",4
2024-07-06T23:41:34.036391,29,35013,triald,0.0,0.1007080078125,"pcputimes(user=0.349029568, system=0.287382464, children_user=0.0, children_system=0.0)",2
2024-07-06T23:41:34.036391,29,35019,WeatherWidget,0.0,0.2185821533203125,"pcputimes(user=1.589381376, system=1.058685312, children_user=0.0, children_system=0.0)",8
2024-07-06T23:41:34.036391,29,35031,SidecarRelay,0.0,0.063323974609375,"pcputimes(user=0.04894554, system=0.039645168, children_user=0.0, children_system=0.0)",2
2024-07-06T23:41:34.036391,29,35039,BatteriesAvocadoWidgetExtension,0.0,0.19931793212890625,"pcputimes(user=1.266086784, system=0.463086336, children_user=0.0, children_system=0.0)",4
2024-07-06T23:41:34.036391,29,35041,assistantd,0.0,0.1346588134765625,"pcputimes(user=1.343032832, system=1.084245248, children_user=0.0, children_system=0.0)",5
2024-07-06T23:41:34.036391,29,35042,SiriNCService,0.0,0.14514923095703125,"pcputimes(user=0.6339824, system=0.376334176, children_user=0.0, children_system=0.0)",3
2024-07-06T23:41:34.036391,29,35044,callservicesd,0.0,0.125885009765625,"pcputimes(user=0.457881408, system=0.35702032, children_user=0.0, children_system=0.0)",5
2024-07-06T23:41:34.036391,29,35045,homed,0.0,0.14019012451171875,"pcputimes(user=1.078498304, system=0.858444032, children_user=0.0, children_system=0.0)",5
2024-07-06T23:41:34.036391,29,35048,AssetCacheLocatorService,0.0,0.057220458984375,"pcputimes(user=0.057892084, system=0.034694752, children_user=0.0, children_system=0.0)",2
2024-07-06T23:41:34.036391,29,35050,parsecd,0.0,0.14190673828125,"pcputimes(user=0.292864672, system=0.486089632, children_user=0.0, children_system=0.0)",3
2024-07-06T23:41:34.036391,29,35051,networkserviceproxy,0.0,0.1041412353515625,"pcputimes(user=0.134416576, system=0.147492992, children_user=0.0, children_system=0.0)",4
2024-07-06T23:41:34.036391,29,35064,assistant_service,0.0,0.093841552734375,"pcputimes(user=0.13923096, system=0.070204288, children_user=0.0, children_system=0.0)",2
2024-07-06T23:41:34.036391,29,35066,ctkd,0.0,0.0690460205078125,"pcputimes(user=0.059340416, system=0.04218, children_user=0.0, children_system=0.0)",2
2024-07-06T23:41:34.036391,29,35067,coreauthd,0.0,0.1255035400390625,"pcputimes(user=0.178532624, system=0.1592, children_user=0.0, children_system=0.0)",3
2024-07-06T23:41:34.036391,29,35068,contentlinkingd,0.0,0.09975433349609375,"pcputimes(user=0.132088872, system=0.111722416, children_user=0.0, children_system=0.0)",2
2024-07-06T23:41:34.036391,29,35076,Instagram,0.0,0.29449462890625,"pcputimes(user=4.449916416, system=2.450253056, children_user=0.0, children_system=0.0)",40
2024-07-06T23:41:34.036391,29,35077,siriactionsd,0.0,0.1132965087890625,"pcputimes(user=0.284865984, system=0.204169376, children_user=0.0, children_system=0.0)",2
2024-07-06T23:41:34.036391,29,35081,proactived,0.0,0.133514404296875,"pcputimes(user=0.620288192, system=0.228154336, children_user=0.0, children_system=0.0)",4
2024-07-06T23:41:34.036391,29,35085,Instagram Helper (GPU),0.0,0.10471343994140625,"pcputimes(user=2.8342464, system=1.286148608, children_user=0.0, children_system=0.0)",18
2024-07-06T23:41:34.036391,29,35086,Instagram Helper,0.0,0.128173828125,"pcputimes(user=3.897271296, system=3.596240128, children_user=0.0, children_system=0.0)",14
2024-07-06T23:41:34.036391,29,35089,Instagram Helper (Renderer),0.0,0.1682281494140625,"pcputimes(user=3.456032512, system=1.06676448, children_user=0.0, children_system=0.0)",17
2024-07-06T23:41:34.036391,29,35102,Instagram Helper (Renderer),0.0,0.45719146728515625,"pcputimes(user=30.773057536, system=4.090520832, children_user=0.0, children_system=0.0)",21
2024-07-06T23:41:34.036391,29,35135,Instagram Helper,0.0,0.0629425048828125,"pcputimes(user=0.063194376, system=0.098427456, children_user=0.0, children_system=0.0)",10
2024-07-06T23:41:34.036391,29,35140,Instagram Helper (Renderer),0.0,0.07114410400390625,"pcputimes(user=0.241105216, system=0.063240624, children_user=0.0, children_system=0.0)",16
2024-07-06T23:41:34.036391,29,35141,Instagram Helper (Renderer),0.0,0.07114410400390625,"pcputimes(user=0.176535504, system=0.054671124, children_user=0.0, children_system=0.0)",16
2024-07-06T23:41:34.036391,29,35178,ScreenTimeWidgetExtension,0.0,0.2208709716796875,"pcputimes(user=1.465625856, system=0.838405312, children_user=0.0, children_system=0.0)",12
2024-07-06T23:41:34.036391,29,35204,maild,0.0,0.11157989501953125,"pcputimes(user=0.11402096, system=0.240020464, children_user=0.0, children_system=0.0)",2
2024-07-06T23:41:34.036391,29,35227,Brave Browser Helper (Renderer),0.0,0.7036209106445312,"pcputimes(user=14.574647296, system=3.11388544, children_user=0.0, children_system=0.0)",20
2024-07-06T23:41:34.036391,29,35252,transparencyd,0.0,0.11348724365234375,"pcputimes(user=0.469063264, system=0.370716, children_user=0.0, children_system=0.0)",3
2024-07-06T23:41:34.036391,29,35253,followupd,0.0,0.06961822509765625,"pcputimes(user=0.015560375, system=0.03561104, children_user=0.0, children_system=0.0)",2
2024-07-06T23:41:34.036391,29,35254,TrustedPeersHelper,0.0,0.08392333984375,"pcputimes(user=0.075248792, system=0.0428585, children_user=0.0, children_system=0.0)",2
2024-07-06T23:41:34.036391,29,35262,businessservicesd,0.0,0.07686614990234375,"pcputimes(user=0.05275854, system=0.093145416, children_user=0.0, children_system=0.0)",2
2024-07-06T23:41:34.036391,29,35263,replayd,0.0,0.10471343994140625,"pcputimes(user=2.431330304, system=0.284490048, children_user=0.0, children_system=0.0)",4
2024-07-06T23:41:34.036391,29,35267,CommCenter,0.0,0.1117706298828125,"pcputimes(user=0.077486456, system=0.19002088, children_user=0.0, children_system=0.0)",6
2024-07-06T23:41:34.036391,29,35268,bird,0.0,0.1007080078125,"pcputimes(user=0.382351136, system=0.223934368, children_user=0.0, children_system=0.0)",2
2024-07-06T23:41:34.036391,29,35269,extensionkitservice,0.0,0.06847381591796875,"pcputimes(user=0.040014248, system=0.019612084, children_user=0.0, children_system=0.0)",2
2024-07-06T23:41:34.036391,29,35270,ContainerMetadataExtractor,0.0,0.09860992431640625,"pcputimes(user=0.137757504, system=0.0471455, children_user=0.0, children_system=0.0)",2
2024-07-06T23:41:34.036391,29,35285,Keychain Circle Notification,0.0,0.15087127685546875,"pcputimes(user=0.126467664, system=0.171500464, children_user=0.0, children_system=0.0)",3
2024-07-06T23:41:34.036391,29,35286,cdpd,0.0,0.08487701416015625,"pcputimes(user=0.024608584, system=0.02594454, children_user=0.0, children_system=0.0)",2
2024-07-06T23:41:34.036391,29,35287,intelligentroutingd,0.0,0.1010894775390625,"pcputimes(user=0.093876664, system=0.067292872, children_user=0.0, children_system=0.0)",2
2024-07-06T23:41:34.036391,29,35288,UniversalControl,0.0,0.13332366943359375,"pcputimes(user=0.839380096, system=0.921354432, children_user=0.0, children_system=0.0)",2
2024-07-06T23:41:34.036391,29,35290,ManagedSettingsAgent,0.0,0.055694580078125,"pcputimes(user=0.042539168, system=0.030694832, children_user=0.0, children_system=0.0)",2
2024-07-06T23:41:34.036391,29,35291,UsageTrackingAgent,0.0,0.1056671142578125,"pcputimes(user=0.847192192, system=0.411837344, children_user=0.0, children_system=0.0)",2
2024-07-06T23:41:34.036391,29,35293,ContextService,0.0,0.099945068359375,"pcputimes(user=0.063338, system=0.157734256, children_user=0.0, children_system=0.0)",2
2024-07-06T23:41:34.036391,29,35294,CategoriesService,0.0,0.08411407470703125,"pcputimes(user=0.04101104, system=0.030351, children_user=0.0, children_system=0.0)",2
2024-07-06T23:41:34.036391,29,35296,dmd,0.0,0.0904083251953125,"pcputimes(user=0.138863088, system=0.079313544, children_user=0.0, children_system=0.0)",2
2024-07-06T23:41:34.036391,29,35300,AppleSpell,0.0,0.24585723876953125,"pcputimes(user=1.094439552, system=0.528785216, children_user=0.0, children_system=0.0)",2
2024-07-06T23:41:34.036391,29,35301,keyboardservicesd,0.0,0.0965118408203125,"pcputimes(user=0.079429376, system=0.042381584, children_user=0.0, children_system=0.0)",3
2024-07-06T23:41:34.036391,29,35302,contactsd,0.0,0.1346588134765625,"pcputimes(user=0.322046784, system=0.13822392, children_user=0.0, children_system=0.0)",5
2024-07-06T23:41:34.036391,29,35303,naturallanguaged,0.0,0.14705657958984375,"pcputimes(user=1.077750528, system=0.16721792, children_user=0.0, children_system=0.0)",3
2024-07-06T23:41:34.036391,29,35306,IntelligencePlatformComputeService,0.0,0.101470947265625,"pcputimes(user=0.49658032, system=0.350665376, children_user=0.0, children_system=0.0)",2
2024-07-06T23:41:34.036391,29,35317,Notion,0.0,0.6158828735351562,"pcputimes(user=7.994078208, system=4.129761024, children_user=0.0, children_system=0.0)",51
2024-07-06T23:41:34.036391,29,35319,iconservicesagent,0.0,0.0789642333984375,"pcputimes(user=0.047690292, system=0.025529876, children_user=0.0, children_system=0.0)",2
2024-07-06T23:41:34.036391,29,35323,chrome_crashpad_handler,0.0,0.0202178955078125,"pcputimes(user=0.00308525, system=0.004546166, children_user=0.0, children_system=0.0)",4
2024-07-06T23:41:34.036391,29,35326,Notion Helper (GPU),0.0,0.18634796142578125,"pcputimes(user=2.79370496, system=1.491642112, children_user=0.0, children_system=0.0)",10
2024-07-06T23:41:34.036391,29,35327,Notion Helper,0.0,0.23288726806640625,"pcputimes(user=2.867799296, system=3.035087872, children_user=0.0, children_system=0.0)",13
2024-07-06T23:41:34.036391,29,35329,pbs,0.0,0.074005126953125,"pcputimes(user=0.028474832, system=0.022083876, children_user=0.0, children_system=0.0)",3
2024-07-06T23:41:34.036391,29,35330,Notion Helper,0.0,0.22373199462890625,"pcputimes(user=1.642888576, system=1.055524736, children_user=0.0, children_system=0.0)",12
2024-07-06T23:41:34.036391,29,35332,Notion Helper (Renderer),0.0,0.20885467529296875,"pcputimes(user=0.150170336, system=0.066225332, children_user=0.0, children_system=0.0)",16
2024-07-06T23:41:34.036391,29,35333,Notion Helper (Renderer),0.0,0.3299713134765625,"pcputimes(user=0.330948032, system=0.126082912, children_user=0.0, children_system=0.0)",16
2024-07-06T23:41:34.036391,29,35335,Notion Helper (Renderer),0.0,1.306915283203125,"pcputimes(user=22.475446272, system=3.387625728, children_user=0.0, children_system=0.0)",17
2024-07-06T23:41:34.036391,29,35336,Notion Helper (Renderer),0.0,0.2071380615234375,"pcputimes(user=0.133964912, system=0.051567624, children_user=0.0, children_system=0.0)",16
2024-07-06T23:41:34.036391,29,35337,Notion Helper (Renderer),0.0,0.7642745971679688,"pcputimes(user=7.656617472, system=1.438272256, children_user=0.0, children_system=0.0)",17
2024-07-06T23:41:34.036391,29,35339,Notion Helper,0.0,0.0972747802734375,"pcputimes(user=0.094115544, system=0.074183872, children_user=0.0, children_system=0.0)",10
2024-07-06T23:41:34.036391,29,35341,MTLCompilerService,0.0,0.0392913818359375,"pcputimes(user=0.021075876, system=0.104173544, children_user=0.0, children_system=0.0)",2
2024-07-06T23:41:34.036391,29,35342,AudioComponentRegistrar,0.0,0.09517669677734375,"pcputimes(user=0.07949204, system=0.03344104, children_user=0.0, children_system=0.0)",2
2024-07-06T23:41:34.036391,29,35343,CarbonComponentScannerXPC,0.0,0.00209808349609375,"pcputimes(user=0.168513664, system=0.723974272, children_user=0.0, children_system=0.0)",3
2024-07-06T23:41:34.036391,29,35348,ThemeWidgetControlViewService,0.0,0.144195556640625,"pcputimes(user=0.058787624, system=0.097204584, children_user=0.0, children_system=0.0)",3
2024-07-06T23:41:34.036391,29,35350,axassetsd,0.0,0.116729736328125,"pcputimes(user=0.761763328, system=0.297567328, children_user=0.0, children_system=0.0)",2
2024-07-06T23:41:34.036391,29,35351,pkd,0.0,0.10318756103515625,"pcputimes(user=0.090303872, system=0.046827792, children_user=0.0, children_system=0.0)",2
2024-07-06T23:41:34.036391,29,35352,com.apple.audio.ComponentTagHelper,0.0,0.03108978271484375,"pcputimes(user=0.013065625, system=0.01837525, children_user=0.0, children_system=0.0)",2
2024-07-06T23:41:34.036391,29,35358,Notion Helper (Renderer),0.0,0.27408599853515625,"pcputimes(user=0.697101184, system=0.137297088, children_user=0.0, children_system=0.0)",16
2024-07-06T23:41:34.036391,29,35363,swcd,0.0,0.1224517822265625,"pcputimes(user=0.156375792, system=0.101801336, children_user=0.0, children_system=0.0)",2
2024-07-06T23:41:34.036391,29,35364,translationd,0.0,0.1018524169921875,"pcputimes(user=0.29622528, system=0.266656992, children_user=0.0, children_system=0.0)",2
2024-07-06T23:41:34.036391,29,35373,iCloudNotificationAgent,0.0,0.1331329345703125,"pcputimes(user=0.15395888, system=0.157667952, children_user=0.0, children_system=0.0)",2
2024-07-06T23:41:34.036391,29,35382,OSDUIHelper,0.0,0.18444061279296875,"pcputimes(user=0.078671544, system=0.112288496, children_user=0.0, children_system=0.0)",3
2024-07-06T23:41:34.036391,29,35384,CategoriesService,0.0,0.1209259033203125,"pcputimes(user=0.045480624, system=0.055354456, children_user=0.0, children_system=0.0)",3
2024-07-06T23:41:34.036391,29,35387,python,0.0,0.00514984130859375,"pcputimes(user=0.022203666, system=0.030552584, children_user=0.0, children_system=0.0)",1
2024-07-06T23:41:34.036391,29,35388,python3.11,0.0,0.3814697265625,"pcputimes(user=4.486480896, system=1.173160576, children_user=0.0, children_system=0.0)",5
2024-07-06T23:41:34.036391,29,35409,csnameddatad,0.0,0.02689361572265625,"pcputimes(user=0.005455958, system=0.007023125, children_user=0.0, children_system=0.0)",2
2024-07-06T23:41:34.036391,29,35442,bash,0.0,0.0041961669921875,"pcputimes(user=0.001138916, system=0.003243791, children_user=0.0, children_system=0.0)",1
2024-07-06T23:41:34.036391,29,35449,python3.11,0.0,0.38509368896484375,"pcputimes(user=6.339441152, system=2.394758656, children_user=0.0, children_system=0.0)",9
2024-07-06T23:41:34.036391,29,35454,CoreServicesUIAgent,0.0,0.162506103515625,"pcputimes(user=0.047422248, system=0.065677208, children_user=0.0, children_system=0.0)",3
2024-07-06T23:41:34.036391,29,35455,com.apple.Safari.SandboxBroker,0.0,0.18482208251953125,"pcputimes(user=0.061006416, system=0.11213008, children_user=0.0, children_system=0.0)",3
2024-07-06T23:41:34.036391,29,35457,com.apple.accessibility.mediaaccessibilityd,0.0,0.0316619873046875,"pcputimes(user=0.02027425, system=0.0082655, children_user=0.0, children_system=0.0)",2
2024-07-06T23:41:34.036391,29,35458,com.apple.WebKit.WebContent,0.0,2.1549224853515625,"pcputimes(user=46.861115392, system=3.595351808, children_user=0.0, children_system=0.0)",11
2024-07-06T23:41:34.036391,29,35459,ScopedBookmarkAgent,0.0,0.04940032958984375,"pcputimes(user=0.047652332, system=0.015195208, children_user=0.0, children_system=0.0)",2
2024-07-06T23:41:34.036391,29,35468,com.apple.WebKit.WebContent,0.0,0.0736236572265625,"pcputimes(user=0.028002084, system=0.019067376, children_user=0.0, children_system=0.0)",2
2024-07-06T23:41:34.036391,29,35474,reversetemplated,0.0,0.10318756103515625,"pcputimes(user=0.122137664, system=0.069941288, children_user=0.0, children_system=0.0)",2
2024-07-06T23:41:34.036391,29,35477,python3.11,0.0,0.0766754150390625,"pcputimes(user=1.51405952, system=0.86628544, children_user=0.0, children_system=0.0)",28
2024-07-06T23:41:34.036391,29,35482,python3.11,0.0,0.2460479736328125,"pcputimes(user=1.6693728, system=1.247472128, children_user=0.0, children_system=0.0)",10
2024-07-06T23:41:34.036391,29,35484,routined,0.0,0.1773834228515625,"pcputimes(user=0.943829696, system=0.776460352, children_user=0.0, children_system=0.0)",3
2024-07-06T23:41:34.036391,29,35490,com.apple.geod,0.0,0.12912750244140625,"pcputimes(user=0.068306704, system=0.143501584, children_user=0.0, children_system=0.0)",2
2024-07-06T23:41:34.036391,29,35520,WiFiVelocityAgent,0.0,0.038909912109375,"pcputimes(user=0.054065792, system=0.014729416, children_user=0.0, children_system=0.0)",2
2024-07-06T23:41:34.036391,29,35524,webpushd,0.0,0.0774383544921875,"pcputimes(user=0.036508752, system=0.015362416, children_user=0.0, children_system=0.0)",2
2024-07-06T23:41:34.036391,29,35762,mdworker_shared,0.0,0.217437744140625,"pcputimes(user=0.107379832, system=0.060403332, children_user=0.0, children_system=0.0)",4
2024-07-06T23:41:34.036391,29,35807,python3.11,0.0,0.7574081420898438,"pcputimes(user=1.653950976, system=1.192287872, children_user=0.0, children_system=0.0)",28
2024-07-06T23:41:34.036391,29,35821,AddressBookSourceSync,0.0,0.3063201904296875,"pcputimes(user=0.26247512, system=0.298105824, children_user=0.0, children_system=0.0)",8
2024-07-06T23:41:34.036391,29,35824,mdworker_shared,0.0,0.1346588134765625,"pcputimes(user=0.06716792, system=0.030210832, children_user=0.0, children_system=0.0)",3
2024-07-06T23:41:34.036391,29,35825,com.apple.iCloudHelper,0.0,0.12340545654296875,"pcputimes(user=0.056035208, system=0.030497084, children_user=0.0, children_system=0.0)",6
2024-07-06T23:42:34.075470,29,1403,distnoted,0.1,0.05359649658203125,"pcputimes(user=123.989090304, system=24.774408192, children_user=0.0, children_system=0.0)",4
2024-07-06T23:42:34.075470,29,1459,cfprefsd,0.1,0.040435791015625,"pcputimes(user=72.559271936, system=55.80290048, children_user=0.0, children_system=0.0)",2
2024-07-06T23:42:34.075470,29,1466,mdbulkimport,0.0,0.089263916015625,"pcputimes(user=47.824388096, system=29.83990272, children_user=0.0, children_system=0.0)",2
2024-07-06T23:42:34.075470,29,1487,secd,0.0,0.077056884765625,"pcputimes(user=78.549590016, system=22.75323904, children_user=0.0, children_system=0.0)",2
2024-07-06T23:42:34.075470,29,1489,loginwindow,0.0,0.06237030029296875,"pcputimes(user=74.184073216, system=35.631497216, children_user=0.0, children_system=0.0)",5
2024-07-06T23:42:34.075470,29,1521,lsd,0.5,0.1277923583984375,"pcputimes(user=48.11845632, system=29.661964288, children_user=0.0, children_system=0.0)",3
2024-07-06T23:42:34.075470,29,1529,trustd,0.7,0.12836456298828125,"pcputimes(user=177.673682944, system=21.780344832, children_user=0.0, children_system=0.0)",3
2024-07-06T23:42:34.075470,29,1856,containermanagerd,0.0,0.06008148193359375,"pcputimes(user=18.615896064, system=14.578069504, children_user=0.0, children_system=0.0)",3
2024-07-06T23:42:34.075470,29,1895,UserEventAgent,0.1,0.1049041748046875,"pcputimes(user=39.944351744, system=11.107664896, children_user=0.0, children_system=0.0)",3
2024-07-06T23:42:34.075470,29,1901,universalaccessd,0.0,0.08182525634765625,"pcputimes(user=64.514633728, system=23.17147136, children_user=0.0, children_system=0.0)",4
2024-07-06T23:42:34.075470,29,1903,WindowManager,0.1,0.17108917236328125,"pcputimes(user=212.699676672, system=39.573467136, children_user=0.0, children_system=0.0)",4
2024-07-06T23:42:34.075470,29,1907,pboard,0.0,0.06465911865234375,"pcputimes(user=0.860173184, system=1.277059712, children_user=0.0, children_system=0.0)",2
2024-07-06T23:42:34.075470,29,1911,nsurlsessiond,0.0,0.10929107666015625,"pcputimes(user=67.453284352, system=33.961695232, children_user=0.0, children_system=0.0)",7
2024-07-06T23:42:34.075470,29,1912,usernoted,0.0,0.072479248046875,"pcputimes(user=16.22623232, system=8.405599232, children_user=0.0, children_system=0.0)",2
2024-07-06T23:42:34.075470,29,1915,rapportd,0.0,0.08335113525390625,"pcputimes(user=41.687134208, system=14.544731136, children_user=0.0, children_system=0.0)",2
2024-07-06T23:42:34.075470,29,1916,usernotificationsd,0.0,0.0514984130859375,"pcputimes(user=11.38378752, system=3.520140288, children_user=0.0, children_system=0.0)",2
2024-07-06T23:42:34.075470,29,1922,lockoutagent,0.0,0.04596710205078125,"pcputimes(user=12.4417792, system=15.510293504, children_user=0.0, children_system=0.0)",4
2024-07-06T23:42:34.075470,29,1935,identityservicesd,0.1,0.19359588623046875,"pcputimes(user=40.908509184, system=29.439414272, children_user=0.0, children_system=0.0)",8
2024-07-06T23:42:34.075470,29,1936,accountsd,0.2,0.13256072998046875,"pcputimes(user=84.97967104, system=21.520918528, children_user=0.0, children_system=0.0)",5
2024-07-06T23:42:34.075470,29,1937,NotificationCenter,0.3,0.5437850952148438,"pcputimes(user=497.306238976, system=132.449746944, children_user=0.0, children_system=0.0)",8
2024-07-06T23:42:34.075470,29,1940,WiFiAgent,0.1,0.0995635986328125,"pcputimes(user=267.189092352, system=39.208009728, children_user=0.0, children_system=0.0)",4
2024-07-06T23:42:34.075470,29,1946,sharingd,0.2,0.2132415771484375,"pcputimes(user=118.5048576, system=46.986235904, children_user=0.0, children_system=0.0)",5
2024-07-06T23:42:34.075470,29,1951,chronod,0.1,0.30727386474609375,"pcputimes(user=61.213663232, system=34.131093504, children_user=0.0, children_system=0.0)",6
2024-07-06T23:42:34.075470,29,1959,familycircled,0.1,0.11157989501953125,"pcputimes(user=7.614102528, system=5.363773952, children_user=0.0, children_system=0.0)",3
2024-07-06T23:42:34.075470,29,1960,StatusKitAgent,0.0,0.05283355712890625,"pcputimes(user=4.899767296, system=2.911019008, children_user=0.0, children_system=0.0)",2
2024-07-06T23:42:34.075470,29,1963,ContinuityCaptureAgent,0.0,0.07476806640625,"pcputimes(user=17.773469696, system=11.301722112, children_user=0.0, children_system=0.0)",6
2024-07-06T23:42:34.075470,29,1964,imagent,0.1,0.15544891357421875,"pcputimes(user=25.570289664, system=10.374849536, children_user=0.0, children_system=0.0)",3
2024-07-06T23:42:34.075470,29,1968,sharedfilelistd,0.0,0.05245208740234375,"pcputimes(user=2.5554688, system=2.095713536, children_user=0.0, children_system=0.0)",2
2024-07-06T23:42:34.075470,29,1973,corespotlightd,0.1,0.15087127685546875,"pcputimes(user=101.212725248, system=34.773393408, children_user=0.0, children_system=0.0)",3
2024-07-06T23:42:34.075470,29,1977,mediaremoteagent,0.0,0.02498626708984375,"pcputimes(user=1.671982464, system=0.724309696, children_user=0.0, children_system=0.0)",2
2024-07-06T23:42:34.075470,29,1979,useractivityd,0.0,0.09212493896484375,"pcputimes(user=16.188983296, system=7.977680384, children_user=0.0, children_system=0.0)",3
2024-07-06T23:42:34.075470,29,1981,avconferenced,0.0,0.0885009765625,"pcputimes(user=198.254903296, system=16.340958208, children_user=0.0, children_system=0.0)",8
2024-07-06T23:42:34.075470,29,2008,ViewBridgeAuxiliary,0.0,0.070953369140625,"pcputimes(user=11.603843072, system=8.634927104, children_user=0.0, children_system=0.0)",2
2024-07-06T23:42:34.075470,29,2011,UIKitSystem,0.0,0.13713836669921875,"pcputimes(user=22.088267776, system=12.845785088, children_user=0.0, children_system=0.0)",4
2024-07-06T23:42:34.075470,29,2012,fontd,0.0,0.07305145263671875,"pcputimes(user=31.24031488, system=6.005873664, children_user=0.0, children_system=0.0)",2
2024-07-06T23:42:34.075470,29,2014,fontworker,0.0,0.0377655029296875,"pcputimes(user=0.668863104, system=0.763789312, children_user=0.0, children_system=0.0)",2
2024-07-06T23:42:34.075470,29,2028,HomeWidget,0.0,0.0690460205078125,"pcputimes(user=0.105459208, system=0.030633584, children_user=0.0, children_system=0.0)",3
2024-07-06T23:42:34.075470,29,2032,FindMyWidgetIntentsPeople,0.0,0.06732940673828125,"pcputimes(user=0.057613376, system=0.0339655, children_user=0.0, children_system=0.0)",11
2024-07-06T23:42:34.075470,29,2037,HomeEnergyWidgetsExtension,0.0,0.0682830810546875,"pcputimes(user=0.445589472, system=0.046565792, children_user=0.0, children_system=0.0)",3
2024-07-06T23:42:34.075470,29,2044,searchpartyuseragent,0.1,0.13885498046875,"pcputimes(user=29.061558272, system=11.57620224, children_user=0.0, children_system=0.0)",5
2024-07-06T23:42:34.075470,29,2045,seserviced,0.0,0.035858154296875,"pcputimes(user=0.068685168, system=0.150577456, children_user=0.0, children_system=0.0)",2
2024-07-06T23:42:34.075470,29,2056,diagnostics_agent,0.0,0.064849853515625,"pcputimes(user=2.57654144, system=2.838605824, children_user=0.0, children_system=0.0)",2
2024-07-06T23:42:34.075470,29,2060,corespeechd,0.0,0.0614166259765625,"pcputimes(user=280.587337728, system=107.378212864, children_user=0.0, children_system=0.0)",5
2024-07-06T23:42:34.075470,29,2078,ControlCenter,0.1,0.284576416015625,"pcputimes(user=600.465997824, system=137.310322688, children_user=0.0, children_system=0.0)",7
2024-07-06T23:42:34.075470,29,2079,imklaunchagent,0.0,0.05340576171875,"pcputimes(user=2.393893632, system=0.608680768, children_user=0.0, children_system=0.0)",2
2024-07-06T23:42:34.075470,29,2090,PAH_Extension,0.0,0.06694793701171875,"pcputimes(user=5.28271104, system=4.2248064, children_user=0.0, children_system=0.0)",3
2024-07-06T23:42:34.075470,29,2104,storedownloadd,0.0,0.035858154296875,"pcputimes(user=0.077080336, system=0.116755584, children_user=0.0, children_system=0.0)",2
2024-07-06T23:42:34.075470,29,2107,WallpaperAgent,0.0,0.08640289306640625,"pcputimes(user=47.599177728, system=8.550670336, children_user=0.0, children_system=0.0)",3
2024-07-06T23:42:34.075470,29,2124,ShortcutsWidgetExtension,0.0,0.06008148193359375,"pcputimes(user=0.067116704, system=0.02187504, children_user=0.0, children_system=0.0)",6
2024-07-06T23:42:34.075470,29,2147,WallpaperImageExtension,0.0,0.04673004150390625,"pcputimes(user=1.620756608, system=0.557135488, children_user=0.0, children_system=0.0)",2
2024-07-06T23:42:34.075470,29,2153,CursorUIViewService,0.1,0.13942718505859375,"pcputimes(user=120.691105792, system=29.434660864, children_user=0.0, children_system=0.0)",3
2024-07-06T23:42:34.075470,29,2161,passd,0.0,0.06465911865234375,"pcputimes(user=2.472698624, system=5.635893248, children_user=0.0, children_system=0.0)",2
2024-07-06T23:42:34.075470,29,2403,Brave Browser,0.9,2.286529541015625,"pcputimes(user=2482.027102208, system=631.4344448, children_user=0.0, children_system=0.0)",47
2024-07-06T23:42:34.075470,29,2406,Safari,4.9,0.8974075317382812,"pcputimes(user=672.591642624, system=285.31163136, children_user=0.0, children_system=0.0)",15
2024-07-06T23:42:34.075470,29,2407,Dock,0.0,0.146484375,"pcputimes(user=59.650666496, system=38.7299328, children_user=0.0, children_system=0.0)",3
2024-07-06T23:42:34.075470,29,2408,SystemUIServer,0.0,0.0640869140625,"pcputimes(user=1.916521728, system=2.442584064, children_user=0.0, children_system=0.0)",3
2024-07-06T23:42:34.075470,29,2409,Finder,0.2,0.2277374267578125,"pcputimes(user=349.192192, system=147.704086528, children_user=0.0, children_system=0.0)",5
2024-07-06T23:42:34.075470,29,2412,Spotlight,0.1,0.20122528076171875,"pcputimes(user=114.4981504, system=38.142283776, children_user=0.0, children_system=0.0)",4
2024-07-06T23:42:34.075470,29,2415,AMPDeviceDiscoveryAgent,0.0,0.042724609375,"pcputimes(user=0.316155296, system=0.462451456, children_user=0.0, children_system=0.0)",4
2024-07-06T23:42:34.075470,29,2429,commerce,0.0,0.05588531494140625,"pcputimes(user=2.539249152, system=1.759683584, children_user=0.0, children_system=0.0)",2
2024-07-06T23:42:34.075470,29,2437,com.apple.dock.extra,0.0,0.08449554443359375,"pcputimes(user=41.16860928, system=7.231887872, children_user=0.0, children_system=0.0)",3
2024-07-06T23:42:34.075470,29,2442,chrome_crashpad_handler,0.0,0.01010894775390625,"pcputimes(user=0.036977376, system=0.292695168, children_user=0.0, children_system=0.0)",4
2024-07-06T23:42:34.075470,29,2455,com.apple.Safari.History,0.0,0.06580352783203125,"pcputimes(user=2.060160512, system=2.555559424, children_user=0.0, children_system=0.0)",2
2024-07-06T23:42:34.075470,29,2458,com.apple.WebKit.WebContent,0.0,0.05645751953125,"pcputimes(user=16.092204032, system=8.818059264, children_user=0.0, children_system=0.0)",3
2024-07-06T23:42:34.075470,29,2469,Brave Browser Helper (GPU),0.1,0.518035888671875,"pcputimes(user=3787.03970304, system=1443.907108864, children_user=0.0, children_system=0.0)",16
2024-07-06T23:42:34.075470,29,2483,Brave Browser Helper,0.7,0.649261474609375,"pcputimes(user=764.919545856, system=479.573508096, children_user=0.0, children_system=0.0)",16
2024-07-06T23:42:34.075470,29,2485,com.apple.WebKit.Networking,1.4,0.3963470458984375,"pcputimes(user=516.618092544, system=375.747739648, children_user=0.0, children_system=0.0)",12
2024-07-06T23:42:34.075470,29,2491,com.apple.WebKit.GPU,5.3,0.6837844848632812,"pcputimes(user=4185.778028544, system=1146.423083008, children_user=0.0, children_system=0.0)",26
2024-07-06T23:42:34.075470,29,2501,Brave Browser Helper,0.0,0.1377105712890625,"pcputimes(user=28.329713664, system=9.943913472, children_user=0.0, children_system=0.0)",11
2024-07-06T23:42:34.075470,29,2509,Brave Browser Helper,0.0,0.0934600830078125,"pcputimes(user=17.770663936, system=6.844301824, children_user=0.0, children_system=0.0)",9
2024-07-06T23:42:34.075470,29,2516,icdd,0.0,0.03643035888671875,"pcputimes(user=0.234517712, system=0.232338624, children_user=0.0, children_system=0.0)",2
2024-07-06T23:42:34.075470,29,2520,AirPlayUIAgent,0.0,0.0598907470703125,"pcputimes(user=1.26751936, system=1.774328832, children_user=0.0, children_system=0.0)",3
2024-07-06T23:42:34.075470,29,2522,TextInputMenuAgent,0.0,0.08220672607421875,"pcputimes(user=19.329609728, system=12.032244736, children_user=0.0, children_system=0.0)",3
2024-07-06T23:42:34.075470,29,2524,ctkahp,0.0,0.034332275390625,"pcputimes(user=0.17494304, system=0.32634176, children_user=0.0, children_system=0.0)",2
2024-07-06T23:42:34.075470,29,2527,Brave Browser Helper (Renderer),0.0,0.1277923583984375,"pcputimes(user=4.543996928, system=3.168469504, children_user=0.0, children_system=0.0)",18
2024-07-06T23:42:34.075470,29,2574,Brave Browser Helper,0.0,0.1056671142578125,"pcputimes(user=699.544240128, system=275.68930816, children_user=0.0, children_system=0.0)",13
2024-07-06T23:42:34.075470,29,2575,Brave Browser Helper (Plugin),0.1,0.20008087158203125,"pcputimes(user=1802.47527424, system=767.024627712, children_user=0.0, children_system=0.0)",13
2024-07-06T23:42:34.075470,29,4247,storeaccountd,0.0,0.043487548828125,"pcputimes(user=0.171927376, system=0.094834752, children_user=0.0, children_system=0.0)",2
2024-07-06T23:42:34.075470,29,4381,IMAutomaticHistoryDeletionAgent,0.0,0.046539306640625,"pcputimes(user=0.06140754, system=0.144102752, children_user=0.0, children_system=0.0)",2
2024-07-06T23:42:34.075470,29,4694,DiskUnmountWatcher,0.0,0.02956390380859375,"pcputimes(user=0.016475625, system=0.038296124, children_user=0.0, children_system=0.0)",2
2024-07-06T23:42:34.075470,29,4969,mdwrite,0.0,0.0347137451171875,"pcputimes(user=89.428803584, system=0.399791008, children_user=0.0, children_system=0.0)",2
2024-07-06T23:42:34.075470,29,6338,storeuid,0.0,0.0629425048828125,"pcputimes(user=1.137058304, system=1.50937856, children_user=0.0, children_system=0.0)",3
2024-07-06T23:42:34.075470,29,6677,UserNotificationCenter,0.0,0.07076263427734375,"pcputimes(user=2.95271552, system=3.5088064, children_user=0.0, children_system=0.0)",3
2024-07-06T23:42:34.075470,29,6682,MobileDeviceUpdater,0.0,0.0614166259765625,"pcputimes(user=1.256607872, system=1.781208704, children_user=0.0, children_system=0.0)",5
2024-07-06T23:42:34.075470,29,6684,USBAgent,0.0,0.03070831298828125,"pcputimes(user=0.04001754, system=0.017028832, children_user=0.0, children_system=0.0)",2
2024-07-06T23:42:34.075470,29,7329,cloudd,0.5,0.20313262939453125,"pcputimes(user=129.44084992, system=46.007939072, children_user=0.0, children_system=0.0)",4
2024-07-06T23:42:34.075470,29,7787,PowerChime,0.0,0.07038116455078125,"pcputimes(user=3.224476416, system=4.867562496, children_user=0.0, children_system=0.0)",6
2024-07-06T23:42:34.075470,29,8884,ControlCenterHelper,0.0,0.0751495361328125,"pcputimes(user=2.56183168, system=3.707561472, children_user=0.0, children_system=0.0)",3
2024-07-06T23:42:34.075470,29,8886,com.apple.SafariPlatformSupport.Helper,0.0,0.08220672607421875,"pcputimes(user=4.311686656, system=4.004366592, children_user=0.0, children_system=0.0)",3
2024-07-06T23:42:34.075470,29,10031,ShareSheetUI,0.1,0.10089874267578125,"pcputimes(user=5.592864256, system=4.61924352, children_user=0.0, children_system=0.0)",3
2024-07-06T23:42:34.075470,29,10104,com.apple.Safari.SearchHelper,0.0,0.05359649658203125,"pcputimes(user=0.543938944, system=0.861950528, children_user=0.0, children_system=0.0)",2
2024-07-06T23:42:34.075470,29,10107,com.apple.WebKit.WebContent,0.8,0.875091552734375,"pcputimes(user=288.891666432, system=99.37272832, children_user=0.0, children_system=0.0)",8
2024-07-06T23:42:34.075470,29,12163,com.apple.WebKit.WebContent,0.2,0.13294219970703125,"pcputimes(user=83.359178752, system=36.232773632, children_user=0.0, children_system=0.0)",4
2024-07-06T23:42:34.075470,29,22312,WhatsApp,0.1,0.47168731689453125,"pcputimes(user=680.525561856, system=230.260260864, children_user=0.0, children_system=0.0)",21
2024-07-06T23:42:34.075470,29,22643,Web App,0.8,0.32634735107421875,"pcputimes(user=177.703305216, system=78.200733696, children_user=0.0, children_system=0.0)",7
2024-07-06T23:42:34.075470,29,22646,com.apple.WebKit.Networking,0.0,0.09899139404296875,"pcputimes(user=10.115321856, system=7.963674624, children_user=0.0, children_system=0.0)",4
2024-07-06T23:42:34.075470,29,22649,com.apple.WebKit.GPU,0.0,0.08869171142578125,"pcputimes(user=54.482395136, system=33.814560768, children_user=0.0, children_system=0.0)",5
2024-07-06T23:42:34.075470,29,22650,com.apple.WebKit.WebContent,0.2,0.24814605712890625,"pcputimes(user=546.409873408, system=63.523319808, children_user=0.0, children_system=0.0)",4
2024-07-06T23:42:34.075470,29,23917,iStatMenusAgent,0.0,0.04329681396484375,"pcputimes(user=0.661699648, system=1.159569024, children_user=0.0, children_system=0.0)",3
2024-07-06T23:42:34.075470,29,23920,iStat Menus Status,1.5,0.2147674560546875,"pcputimes(user=796.66446336, system=354.86957568, children_user=0.0, children_system=0.0)",5
2024-07-06T23:42:34.075470,29,25159,Brave Browser Helper (Renderer),0.0,0.32634735107421875,"pcputimes(user=3.94773504, system=3.053476352, children_user=0.0, children_system=0.0)",18
2024-07-06T23:42:34.075470,29,25169,Brave Browser Helper (Renderer),0.2,0.5685806274414062,"pcputimes(user=35.025371136, system=14.709640192, children_user=0.0, children_system=0.0)",21
2024-07-06T23:42:34.075470,29,25173,Brave Browser Helper (Renderer),1.0,2.1295547485351562,"pcputimes(user=37.99308288, system=12.872003584, children_user=0.0, children_system=0.0)",21
2024-07-06T23:42:34.075470,29,25175,Brave Browser Helper (Renderer),0.0,0.1346588134765625,"pcputimes(user=1.405087488, system=1.33921216, children_user=0.0, children_system=0.0)",17
2024-07-06T23:42:34.075470,29,25191,Brave Browser Helper (Renderer),0.1,0.68817138671875,"pcputimes(user=699.226914816, system=129.087750144, children_user=0.0, children_system=0.0)",20
2024-07-06T23:42:34.075470,29,25307,Pinterest,0.1,0.18901824951171875,"pcputimes(user=46.898302976, system=24.478019584, children_user=0.0, children_system=0.0)",47
2024-07-06T23:42:34.075470,29,25309,appstorecomponentsd,0.0,0.06256103515625,"pcputimes(user=1.302632704, system=3.170821888, children_user=0.0, children_system=0.0)",4
2024-07-06T23:42:34.075470,29,25310,Pinterest Helper (GPU),0.0,0.08144378662109375,"pcputimes(user=100.451319808, system=45.989695488, children_user=0.0, children_system=0.0)",19
2024-07-06T23:42:34.075470,29,25311,Pinterest Helper,0.0,0.09975433349609375,"pcputimes(user=15.09735424, system=14.219904, children_user=0.0, children_system=0.0)",14
2024-07-06T23:42:34.075470,29,25312,Pinterest Helper (Renderer),0.0,0.19474029541015625,"pcputimes(user=47.94472448, system=16.589386752, children_user=0.0, children_system=0.0)",17
2024-07-06T23:42:34.075470,29,25313,Pinterest Helper (Renderer),0.2,0.16155242919921875,"pcputimes(user=486.853279744, system=39.19955968, children_user=0.0, children_system=0.0)",20
2024-07-06T23:42:34.075470,29,25329,Pinterest Helper,0.0,0.04100799560546875,"pcputimes(user=0.62135808, system=1.209667072, children_user=0.0, children_system=0.0)",10
2024-07-06T23:42:34.075470,29,25520,Brave Browser Helper (Renderer),0.0,0.151824951171875,"pcputimes(user=5.703438848, system=2.83510528, children_user=0.0, children_system=0.0)",18
2024-07-06T23:42:34.075470,29,25533,Brave Browser Helper (Renderer),0.0,0.1434326171875,"pcputimes(user=11.344666624, system=4.807033344, children_user=0.0, children_system=0.0)",18
2024-07-06T23:42:34.075470,29,25535,Brave Browser Helper (Renderer),0.1,0.279998779296875,"pcputimes(user=61.18045696, system=12.216085504, children_user=0.0, children_system=0.0)",20
2024-07-06T23:42:34.075470,29,25540,Brave Browser Helper (Renderer),0.0,0.25501251220703125,"pcputimes(user=13.788817408, system=7.322428928, children_user=0.0, children_system=0.0)",21
2024-07-06T23:42:34.075470,29,25622,photolibraryd,0.0,0.06847381591796875,"pcputimes(user=1.343645312, system=1.492563712, children_user=0.0, children_system=0.0)",2
2024-07-06T23:42:34.075470,29,26167,VTDecoderXPCService,0.0,0.03871917724609375,"pcputimes(user=55.612735488, system=130.877366272, children_user=0.0, children_system=0.0)",3
2024-07-06T23:42:34.075470,29,26277,Brave Browser Helper (Renderer),0.0,0.08144378662109375,"pcputimes(user=1.212301312, system=1.115558656, children_user=0.0, children_system=0.0)",17
2024-07-06T23:42:34.075470,29,26342,Brave Browser Helper (Renderer),0.1,0.27256011962890625,"pcputimes(user=18.698237952, system=8.750785536, children_user=0.0, children_system=0.0)",21
2024-07-06T23:42:34.075470,29,26343,Brave Browser Helper (Renderer),0.0,0.11615753173828125,"pcputimes(user=1.431151744, system=1.228288512, children_user=0.0, children_system=0.0)",18
2024-07-06T23:42:34.075470,29,26344,Brave Browser Helper (Renderer),0.0,0.1018524169921875,"pcputimes(user=1.223581568, system=1.143365504, children_user=0.0, children_system=0.0)",18
2024-07-06T23:42:34.075470,29,26349,Brave Browser Helper (Renderer),0.1,0.5342483520507812,"pcputimes(user=34.705068032, system=12.530020352, children_user=0.0, children_system=0.0)",18
2024-07-06T23:42:34.075470,29,26490,Brave Browser Helper (Renderer),0.0,0.2918243408203125,"pcputimes(user=17.137917952, system=6.971344896, children_user=0.0, children_system=0.0)",19
2024-07-06T23:42:34.075470,29,27087,tccd,0.5,0.09765625,"pcputimes(user=18.781028352, system=10.53512704, children_user=0.0, children_system=0.0)",2
2024-07-06T23:42:34.075470,29,29119,mbuseragent,0.0,0.035858154296875,"pcputimes(user=0.032473416, system=0.0388115, children_user=0.0, children_system=0.0)",2
2024-07-06T23:42:34.075470,29,29385,bluetoothuserd,0.0,0.0774383544921875,"pcputimes(user=1.170231936, system=1.197390976, children_user=0.0, children_system=0.0)",3
2024-07-06T23:42:34.075470,29,30064,com.apple.WebKit.WebContent,0.0,0.0759124755859375,"pcputimes(user=11.167418368, system=3.915917568, children_user=0.0, children_system=0.0)",3
2024-07-06T23:42:34.075470,29,30945,heard,0.0,0.0896453857421875,"pcputimes(user=1.092201088, system=0.966221824, children_user=0.0, children_system=0.0)",4
2024-07-06T23:42:34.075470,29,31068,ContextStoreAgent,0.0,0.10700225830078125,"pcputimes(user=12.465647616, system=3.167241216, children_user=0.0, children_system=0.0)",3
2024-07-06T23:42:34.075470,29,32741,Google Chrome,0.2,0.47473907470703125,"pcputimes(user=73.513181184, system=26.734118912, children_user=0.0, children_system=0.0)",48
2024-07-06T23:42:34.075470,29,32747,chrome_crashpad_handler,0.0,0.012969970703125,"pcputimes(user=0.005796541, system=0.032461666, children_user=0.0, children_system=0.0)",4
2024-07-06T23:42:34.075470,29,32752,Google Chrome Helper (GPU),0.1,0.2185821533203125,"pcputimes(user=53.854662656, system=26.38324736, children_user=0.0, children_system=0.0)",12
2024-07-06T23:42:34.075470,29,32753,Google Chrome Helper,0.1,0.1705169677734375,"pcputimes(user=15.017037824, system=8.061570048, children_user=0.0, children_system=0.0)",15
2024-07-06T23:42:34.075470,29,32756,Google Chrome Helper,0.0,0.0637054443359375,"pcputimes(user=1.020246464, system=0.337850944, children_user=0.0, children_system=0.0)",11
2024-07-06T23:42:34.075470,29,32811,Google Chrome Helper (Renderer),0.0,0.05588531494140625,"pcputimes(user=0.56520928, system=0.535420672, children_user=0.0, children_system=0.0)",18
2024-07-06T23:42:34.075470,29,32812,Google Chrome Helper (Renderer),0.0,0.0606536865234375,"pcputimes(user=0.401942496, system=0.508849056, children_user=0.0, children_system=0.0)",18
2024-07-06T23:42:34.075470,29,32855,Google Chrome Helper (Renderer),0.0,0.0583648681640625,"pcputimes(user=93.491265536, system=16.429802496, children_user=0.0, children_system=0.0)",20
2024-07-06T23:42:34.075470,29,32858,Google Chrome Helper (Renderer),0.0,0.05970001220703125,"pcputimes(user=8.82548224, system=3.213965056, children_user=0.0, children_system=0.0)",19
2024-07-06T23:42:34.075470,29,32865,Google Chrome Helper,0.0,0.07228851318359375,"pcputimes(user=1.332245504, system=0.607732992, children_user=0.0, children_system=0.0)",12
2024-07-06T23:42:34.075470,29,33231,Family,0.1,0.1377105712890625,"pcputimes(user=3.180054272, system=1.057075904, children_user=0.0, children_system=0.0)",4
2024-07-06T23:42:34.075470,29,33274,Google Chrome Helper (Renderer),0.0,0.05626678466796875,"pcputimes(user=2.543147008, system=1.201015808, children_user=0.0, children_system=0.0)",20
2024-07-06T23:42:34.075470,29,33275,Google Chrome Helper (Renderer),0.0,0.04940032958984375,"pcputimes(user=0.248856544, system=0.469414464, children_user=0.0, children_system=0.0)",18
2024-07-06T23:42:34.075470,29,33504,Brave Browser Helper (Renderer),0.0,0.18157958984375,"pcputimes(user=4.816528896, system=1.488751616, children_user=0.0, children_system=0.0)",18
2024-07-06T23:42:34.075470,29,33774,VTDecoderXPCService,0.0,0.0324249267578125,"pcputimes(user=0.217803792, system=0.267483584, children_user=0.0, children_system=0.0)",4
2024-07-06T23:42:34.075470,29,34068,Brave Browser Helper (Renderer),0.2,0.494384765625,"pcputimes(user=344.643567616, system=31.257683968, children_user=0.0, children_system=0.0)",20
2024-07-06T23:42:34.075470,29,34181,Brave Browser Helper (Renderer),0.8,0.9738922119140625,"pcputimes(user=113.31006464, system=17.886070784, children_user=0.0, children_system=0.0)",20
2024-07-06T23:42:34.075470,29,34208,Brave Browser Helper (Renderer),0.0,0.2246856689453125,"pcputimes(user=33.028046848, system=4.654108672, children_user=0.0, children_system=0.0)",19
2024-07-06T23:42:34.075470,29,34288,Brave Browser Helper (Renderer),0.1,0.45604705810546875,"pcputimes(user=15.867536384, system=3.689953536, children_user=0.0, children_system=0.0)",23
2024-07-06T23:42:34.075470,29,34289,Brave Browser Helper (Renderer),0.0,0.2063751220703125,"pcputimes(user=0.414924736, system=0.445701888, children_user=0.0, children_system=0.0)",18
2024-07-06T23:42:34.075470,29,34357,extensionkitservice,0.0,0.11386871337890625,"pcputimes(user=0.583324736, system=0.406868928, children_user=0.0, children_system=0.0)",3
2024-07-06T23:42:34.075470,29,34409,akd,0.0,0.11081695556640625,"pcputimes(user=0.611058752, system=0.594519616, children_user=0.0, children_system=0.0)",3
2024-07-06T23:42:34.075470,29,34446,knowledge-agent,0.0,0.09765625,"pcputimes(user=3.657835008, system=1.198964096, children_user=0.0, children_system=0.0)",2
2024-07-06T23:42:34.075470,29,34726,com.apple.WebKit.WebContent,15.6,2.6723861694335938,"pcputimes(user=603.350564864, system=96.77770752, children_user=0.0, children_system=0.0)",27
2024-07-06T23:42:34.075470,29,34748,Brave Browser Helper (Renderer),0.2,0.5414962768554688,"pcputimes(user=57.90736384, system=8.145008128, children_user=0.0, children_system=0.0)",20
2024-07-06T23:42:34.075470,29,34772,Brave Browser Helper (Renderer),0.0,0.24433135986328125,"pcputimes(user=9.606341632, system=1.485977472, children_user=0.0, children_system=0.0)",20
2024-07-06T23:42:34.075470,29,34834,syncdefaultsd,0.0,0.07572174072265625,"pcputimes(user=0.5504016, system=0.540574848, children_user=0.0, children_system=0.0)",2
2024-07-06T23:42:34.075470,29,34862,ScreenTimeAgent,0.0,0.0720977783203125,"pcputimes(user=0.924650048, system=0.459939456, children_user=0.0, children_system=0.0)",2
2024-07-06T23:42:34.075470,29,34881,com.apple.WebKit.WebContent,3.7,0.4241943359375,"pcputimes(user=137.78280448, system=10.283549696, children_user=0.0, children_system=0.0)",6
2024-07-06T23:42:34.075470,29,34895,CoreLocationAgent,0.0,0.0827789306640625,"pcputimes(user=0.131780456, system=0.162877216, children_user=0.0, children_system=0.0)",3
2024-07-06T23:42:34.075470,29,34940,Brave Browser Helper (Renderer),0.4,0.9395599365234375,"pcputimes(user=33.263015936, system=7.433028096, children_user=0.0, children_system=0.0)",18
2024-07-06T23:42:34.075470,29,34941,Brave Browser Helper (Renderer),0.1,0.6450653076171875,"pcputimes(user=27.458013184, system=5.804641792, children_user=0.0, children_system=0.0)",18
2024-07-06T23:42:34.075470,29,34947,Brave Browser Helper (Renderer),0.0,0.3452301025390625,"pcputimes(user=0.85500672, system=0.614943296, children_user=0.0, children_system=0.0)",20
2024-07-06T23:42:34.075470,29,34978,fileproviderd,0.0,0.15735626220703125,"pcputimes(user=1.268400128, system=1.031349184, children_user=0.0, children_system=0.0)",6
2024-07-06T23:42:34.075470,29,34983,secinitd,0.0,0.0823974609375,"pcputimes(user=0.12011704, system=0.086308336, children_user=0.0, children_system=0.0)",2
2024-07-06T23:42:34.075470,29,34993,audioaccessoryd,0.0,0.11920928955078125,"pcputimes(user=0.18030216, system=0.257411744, children_user=0.0, children_system=0.0)",4
2024-07-06T23:42:34.075470,29,34994,neagent,0.0,0.14801025390625,"pcputimes(user=0.125451128, system=0.058288752, children_user=0.0, children_system=0.0)",2
2024-07-06T23:42:34.075470,29,34997,Siri,0.3,0.1644134521484375,"pcputimes(user=3.7285312, system=1.134585344, children_user=0.0, children_system=0.0)",3
2024-07-06T23:42:34.075470,29,34998,com.apple.hiservices-xpcservice,0.1,0.057220458984375,"pcputimes(user=0.9371344, system=0.855710528, children_user=0.0, children_system=0.0)",2
2024-07-06T23:42:34.075470,29,34999,SafariBookmarksSyncAgent,0.0,0.13751983642578125,"pcputimes(user=0.270858752, system=0.334159488, children_user=0.0, children_system=0.0)",2
2024-07-06T23:42:34.075470,29,35001,suggestd,0.2,0.1636505126953125,"pcputimes(user=1.75678144, system=0.768764224, children_user=0.0, children_system=0.0)",2
2024-07-06T23:42:34.075470,29,35003,BiomeAgent,0.0,0.11310577392578125,"pcputimes(user=1.155240448, system=1.306218496, children_user=0.0, children_system=0.0)",2
2024-07-06T23:42:34.075470,29,35013,triald,0.8,0.11539459228515625,"pcputimes(user=0.580979264, system=0.547758976, children_user=0.0, children_system=0.0)",2
2024-07-06T23:42:34.075470,29,35019,WeatherWidget,0.5,0.4467010498046875,"pcputimes(user=1.752792576, system=1.196818432, children_user=0.0, children_system=0.0)",7
2024-07-06T23:42:34.075470,29,35031,SidecarRelay,0.0,0.063323974609375,"pcputimes(user=0.04894554, system=0.039645168, children_user=0.0, children_system=0.0)",2
2024-07-06T23:42:34.075470,29,35039,BatteriesAvocadoWidgetExtension,0.1,0.267791748046875,"pcputimes(user=1.296829312, system=0.467172224, children_user=0.0, children_system=0.0)",4
2024-07-06T23:42:34.075470,29,35041,assistantd,0.5,0.22754669189453125,"pcputimes(user=1.47943936, system=1.24086976, children_user=0.0, children_system=0.0)",6
2024-07-06T23:42:34.075470,29,35042,SiriNCService,0.1,0.14247894287109375,"pcputimes(user=0.654373824, system=0.38779168, children_user=0.0, children_system=0.0)",3
2024-07-06T23:42:34.075470,29,35044,callservicesd,0.1,0.1476287841796875,"pcputimes(user=0.505614048, system=0.377261824, children_user=0.0, children_system=0.0)",4
2024-07-06T23:42:34.075470,29,35045,homed,0.1,0.1567840576171875,"pcputimes(user=1.116159232, system=0.890187648, children_user=0.0, children_system=0.0)",5
2024-07-06T23:42:34.075470,29,35048,AssetCacheLocatorService,0.0,0.05931854248046875,"pcputimes(user=0.058217664, system=0.03862154, children_user=0.0, children_system=0.0)",2
2024-07-06T23:42:34.075470,29,35050,parsecd,0.0,0.14476776123046875,"pcputimes(user=0.293320288, system=0.48963072, children_user=0.0, children_system=0.0)",4
2024-07-06T23:42:34.075470,29,35051,networkserviceproxy,0.0,0.10204315185546875,"pcputimes(user=0.134610832, system=0.14817984, children_user=0.0, children_system=0.0)",4
2024-07-06T23:42:34.075470,29,35064,assistant_service,2.9,0.304412841796875,"pcputimes(user=1.395245696, system=0.573063552, children_user=0.0, children_system=0.0)",2
2024-07-06T23:42:34.075470,29,35066,ctkd,0.0,0.0690460205078125,"pcputimes(user=0.059340416, system=0.04218, children_user=0.0, children_system=0.0)",2
2024-07-06T23:42:34.075470,29,35067,coreauthd,0.0,0.096893310546875,"pcputimes(user=0.178556496, system=0.159402, children_user=0.0, children_system=0.0)",2
2024-07-06T23:42:34.075470,29,35068,contentlinkingd,0.0,0.0980377197265625,"pcputimes(user=0.132088872, system=0.111722416, children_user=0.0, children_system=0.0)",2
2024-07-06T23:42:34.075470,29,35076,Instagram,0.1,0.27217864990234375,"pcputimes(user=4.469633536, system=2.476705792, children_user=0.0, children_system=0.0)",40
2024-07-06T23:42:34.075470,29,35077,siriactionsd,0.0,0.1132965087890625,"pcputimes(user=0.284865984, system=0.204169376, children_user=0.0, children_system=0.0)",2
2024-07-06T23:42:34.075470,29,35081,proactived,0.0,0.130462646484375,"pcputimes(user=0.620353088, system=0.228655456, children_user=0.0, children_system=0.0)",2
2024-07-06T23:42:34.075470,29,35085,Instagram Helper (GPU),0.0,0.107574462890625,"pcputimes(user=2.836814848, system=1.290311168, children_user=0.0, children_system=0.0)",18
2024-07-06T23:42:34.075470,29,35086,Instagram Helper,0.1,0.2269744873046875,"pcputimes(user=3.91232, system=3.62367104, children_user=0.0, children_system=0.0)",14
2024-07-06T23:42:34.075470,29,35089,Instagram Helper (Renderer),0.0,0.22487640380859375,"pcputimes(user=3.465510144, system=1.082307072, children_user=0.0, children_system=0.0)",17
2024-07-06T23:42:34.075470,29,35102,Instagram Helper (Renderer),0.2,0.34160614013671875,"pcputimes(user=30.849574912, system=4.134824704, children_user=0.0, children_system=0.0)",21
2024-07-06T23:42:34.075470,29,35135,Instagram Helper,0.0,0.0751495361328125,"pcputimes(user=0.06344554, system=0.099309168, children_user=0.0, children_system=0.0)",10
2024-07-06T23:42:34.075470,29,35140,Instagram Helper (Renderer),0.0,0.0782012939453125,"pcputimes(user=0.241333664, system=0.064149208, children_user=0.0, children_system=0.0)",16
2024-07-06T23:42:34.075470,29,35141,Instagram Helper (Renderer),0.0,0.0782012939453125,"pcputimes(user=0.176768, system=0.055608664, children_user=0.0, children_system=0.0)",16
2024-07-06T23:42:34.075470,29,35178,ScreenTimeWidgetExtension,0.0,0.2208709716796875,"pcputimes(user=1.465625856, system=0.838405312, children_user=0.0, children_system=0.0)",12
2024-07-06T23:42:34.075470,29,35204,maild,0.0,0.10967254638671875,"pcputimes(user=0.11402096, system=0.240020464, children_user=0.0, children_system=0.0)",2
2024-07-06T23:42:34.075470,29,35227,Brave Browser Helper (Renderer),0.1,0.7356643676757812,"pcputimes(user=14.59139072, system=3.156066304, children_user=0.0, children_system=0.0)",19
2024-07-06T23:42:34.075470,29,35252,transparencyd,0.0,0.11119842529296875,"pcputimes(user=0.469315616, system=0.372331744, children_user=0.0, children_system=0.0)",3
2024-07-06T23:42:34.075470,29,35253,followupd,0.0,0.06961822509765625,"pcputimes(user=0.015560375, system=0.03561104, children_user=0.0, children_system=0.0)",2
2024-07-06T23:42:34.075470,29,35254,TrustedPeersHelper,0.0,0.08392333984375,"pcputimes(user=0.075248792, system=0.0428585, children_user=0.0, children_system=0.0)",2
2024-07-06T23:42:34.075470,29,35262,businessservicesd,0.0,0.07686614990234375,"pcputimes(user=0.05275854, system=0.093145416, children_user=0.0, children_system=0.0)",2
2024-07-06T23:42:34.075470,29,35263,replayd,0.0,0.10471343994140625,"pcputimes(user=2.431330304, system=0.284490048, children_user=0.0, children_system=0.0)",4
2024-07-06T23:42:34.075470,29,35267,CommCenter,0.0,0.11043548583984375,"pcputimes(user=0.077501792, system=0.190168128, children_user=0.0, children_system=0.0)",5
2024-07-06T23:42:34.075470,29,35268,bird,0.0,0.1007080078125,"pcputimes(user=0.382351136, system=0.223934368, children_user=0.0, children_system=0.0)",2
2024-07-06T23:42:34.075470,29,35269,extensionkitservice,0.0,0.06847381591796875,"pcputimes(user=0.040014248, system=0.019612084, children_user=0.0, children_system=0.0)",2
2024-07-06T23:42:34.075470,29,35270,ContainerMetadataExtractor,0.0,0.09860992431640625,"pcputimes(user=0.137757504, system=0.0471455, children_user=0.0, children_system=0.0)",2
2024-07-06T23:42:34.075470,29,35285,Keychain Circle Notification,0.0,0.13217926025390625,"pcputimes(user=0.126467664, system=0.171500464, children_user=0.0, children_system=0.0)",3
2024-07-06T23:42:34.075470,29,35286,cdpd,0.0,0.08487701416015625,"pcputimes(user=0.024608584, system=0.02594454, children_user=0.0, children_system=0.0)",2
2024-07-06T23:42:34.075470,29,35287,intelligentroutingd,0.0,0.1010894775390625,"pcputimes(user=0.093876664, system=0.067292872, children_user=0.0, children_system=0.0)",2
2024-07-06T23:42:34.075470,29,35288,UniversalControl,0.3,0.1316070556640625,"pcputimes(user=0.917555776, system=1.000620416, children_user=0.0, children_system=0.0)",2
2024-07-06T23:42:34.075470,29,35290,ManagedSettingsAgent,0.0,0.055694580078125,"pcputimes(user=0.042539168, system=0.030694832, children_user=0.0, children_system=0.0)",2
2024-07-06T23:42:34.075470,29,35291,UsageTrackingAgent,0.0,0.1056671142578125,"pcputimes(user=0.847192192, system=0.411837344, children_user=0.0, children_system=0.0)",2
2024-07-06T23:42:34.075470,29,35293,ContextService,0.0,0.099945068359375,"pcputimes(user=0.063338, system=0.157734256, children_user=0.0, children_system=0.0)",2
2024-07-06T23:42:34.075470,29,35294,CategoriesService,0.0,0.08411407470703125,"pcputimes(user=0.04101104, system=0.030351, children_user=0.0, children_system=0.0)",2
2024-07-06T23:42:34.075470,29,35296,dmd,0.0,0.0904083251953125,"pcputimes(user=0.138863088, system=0.079313544, children_user=0.0, children_system=0.0)",2
2024-07-06T23:42:34.075470,29,35300,AppleSpell,0.0,0.2124786376953125,"pcputimes(user=1.104692096, system=0.534380096, children_user=0.0, children_system=0.0)",2
2024-07-06T23:42:34.075470,29,35301,keyboardservicesd,0.0,0.0965118408203125,"pcputimes(user=0.079429376, system=0.042381584, children_user=0.0, children_system=0.0)",3
2024-07-06T23:42:34.075470,29,35302,contactsd,2.4,0.1338958740234375,"pcputimes(user=1.440039808, system=0.482344544, children_user=0.0, children_system=0.0)",2
2024-07-06T23:42:34.075470,29,35303,naturallanguaged,0.0,0.13637542724609375,"pcputimes(user=1.077750528, system=0.16721792, children_user=0.0, children_system=0.0)",3
2024-07-06T23:42:34.075470,29,35306,IntelligencePlatformComputeService,0.0,0.101470947265625,"pcputimes(user=0.49658032, system=0.350665376, children_user=0.0, children_system=0.0)",2
2024-07-06T23:42:34.075470,29,35317,Notion,0.4,0.5693435668945312,"pcputimes(user=8.121411072, system=4.221237248, children_user=0.0, children_system=0.0)",49
2024-07-06T23:42:34.075470,29,35319,iconservicesagent,0.0,0.0789642333984375,"pcputimes(user=0.047690292, system=0.025529876, children_user=0.0, children_system=0.0)",2
2024-07-06T23:42:34.075470,29,35323,chrome_crashpad_handler,0.0,0.0202178955078125,"pcputimes(user=0.00308525, system=0.004546166, children_user=0.0, children_system=0.0)",4
2024-07-06T23:42:34.075470,29,35326,Notion Helper (GPU),0.6,0.1922607421875,"pcputimes(user=3.027858944, system=1.609729024, children_user=0.0, children_system=0.0)",10
2024-07-06T23:42:34.075470,29,35327,Notion Helper,0.0,0.2536773681640625,"pcputimes(user=2.883767808, system=3.046088448, children_user=0.0, children_system=0.0)",13
2024-07-06T23:42:34.075470,29,35329,pbs,0.0,0.074005126953125,"pcputimes(user=0.028474832, system=0.022083876, children_user=0.0, children_system=0.0)",3
2024-07-06T23:42:34.075470,29,35330,Notion Helper,0.3,0.2262115478515625,"pcputimes(user=1.760957824, system=1.138167168, children_user=0.0, children_system=0.0)",12
2024-07-06T23:42:34.075470,29,35332,Notion Helper (Renderer),0.0,0.2277374267578125,"pcputimes(user=0.150351248, system=0.06698054, children_user=0.0, children_system=0.0)",16
2024-07-06T23:42:34.075470,29,35333,Notion Helper (Renderer),0.0,0.3490447998046875,"pcputimes(user=0.331153984, system=0.126822832, children_user=0.0, children_system=0.0)",16
2024-07-06T23:42:34.075470,29,35335,Notion Helper (Renderer),3.5,0.7516860961914062,"pcputimes(user=24.336664576, system=3.643789056, children_user=0.0, children_system=0.0)",17
2024-07-06T23:42:34.075470,29,35336,Notion Helper (Renderer),0.0,0.22735595703125,"pcputimes(user=0.134085544, system=0.052170916, children_user=0.0, children_system=0.0)",16
2024-07-06T23:42:34.075470,29,35337,Notion Helper (Renderer),0.6,0.836944580078125,"pcputimes(user=7.938953216, system=1.52263488, children_user=0.0, children_system=0.0)",17
2024-07-06T23:42:34.075470,29,35339,Notion Helper,0.0,0.09899139404296875,"pcputimes(user=0.099126704, system=0.07638908, children_user=0.0, children_system=0.0)",10
2024-07-06T23:42:34.075470,29,35341,MTLCompilerService,0.0,0.0392913818359375,"pcputimes(user=0.021075876, system=0.104173544, children_user=0.0, children_system=0.0)",2
2024-07-06T23:42:34.075470,29,35342,AudioComponentRegistrar,0.0,0.09517669677734375,"pcputimes(user=0.07949204, system=0.03344104, children_user=0.0, children_system=0.0)",2
2024-07-06T23:42:34.075470,29,35343,CarbonComponentScannerXPC,0.0,0.00209808349609375,"pcputimes(user=0.168513664, system=0.723974272, children_user=0.0, children_system=0.0)",3
2024-07-06T23:42:34.075470,29,35348,ThemeWidgetControlViewService,0.0,0.13561248779296875,"pcputimes(user=0.058787624, system=0.097204584, children_user=0.0, children_system=0.0)",3
2024-07-06T23:42:34.075470,29,35350,axassetsd,0.0,0.116729736328125,"pcputimes(user=0.761763328, system=0.297567328, children_user=0.0, children_system=0.0)",2
2024-07-06T23:42:34.075470,29,35351,pkd,0.0,0.10318756103515625,"pcputimes(user=0.090303872, system=0.046827792, children_user=0.0, children_system=0.0)",2
2024-07-06T23:42:34.075470,29,35352,com.apple.audio.ComponentTagHelper,0.0,0.03108978271484375,"pcputimes(user=0.013065625, system=0.01837525, children_user=0.0, children_system=0.0)",2
2024-07-06T23:42:34.075470,29,35358,Notion Helper (Renderer),0.0,0.27408599853515625,"pcputimes(user=0.697435136, system=0.138869632, children_user=0.0, children_system=0.0)",16
2024-07-06T23:42:34.075470,29,35363,swcd,0.0,0.1224517822265625,"pcputimes(user=0.156375792, system=0.101801336, children_user=0.0, children_system=0.0)",2
2024-07-06T23:42:34.075470,29,35364,translationd,0.0,0.1018524169921875,"pcputimes(user=0.29622528, system=0.266656992, children_user=0.0, children_system=0.0)",2
2024-07-06T23:42:34.075470,29,35373,iCloudNotificationAgent,0.0,0.13256072998046875,"pcputimes(user=0.15416016, system=0.15893184, children_user=0.0, children_system=0.0)",2
2024-07-06T23:42:34.075470,29,35382,OSDUIHelper,0.0,0.1750946044921875,"pcputimes(user=0.078671544, system=0.112288496, children_user=0.0, children_system=0.0)",3
2024-07-06T23:42:34.075470,29,35384,CategoriesService,0.0,0.1209259033203125,"pcputimes(user=0.045480624, system=0.055354456, children_user=0.0, children_system=0.0)",3
2024-07-06T23:42:34.075470,29,35387,python,0.0,0.00514984130859375,"pcputimes(user=0.022203666, system=0.030552584, children_user=0.0, children_system=0.0)",1
2024-07-06T23:42:34.075470,29,35388,python3.11,0.2,0.35648345947265625,"pcputimes(user=4.555496448, system=1.225248384, children_user=0.0, children_system=0.0)",5
